model,optimizer,antithetics,objective,useFixedRef,stepScale,nChains,random,execFolder,iter,isFinal,budget,dim,name,value
,MomentMatch,,FKL,true,,4.0,6,exec_1,1,false,120.0,0,p0_MEAN,-0.4232151966193008
,MomentMatch,,FKL,true,,4.0,6,exec_1,1,false,120.0,1,p0_SOFTPLUS_VARIANCE,-4.198446856145047
,MomentMatch,,FKL,true,,4.0,6,exec_1,1,false,120.0,2,p1_MEAN,2.9281417366917353
,MomentMatch,,FKL,true,,4.0,6,exec_1,1,false,120.0,3,p1_SOFTPLUS_VARIANCE,-1.8784997221806794
,MomentMatch,,FKL,true,,4.0,6,exec_1,2,false,264.0,0,p0_MEAN,-0.3998450757641789
,MomentMatch,,FKL,true,,4.0,6,exec_1,2,false,264.0,1,p0_SOFTPLUS_VARIANCE,-4.712176289466996
,MomentMatch,,FKL,true,,4.0,6,exec_1,2,false,264.0,2,p1_MEAN,2.9141022777890804
,MomentMatch,,FKL,true,,4.0,6,exec_1,2,false,264.0,3,p1_SOFTPLUS_VARIANCE,-2.0367457211472035
,MomentMatch,,FKL,true,,4.0,6,exec_1,3,false,552.0,0,p0_MEAN,-0.4022188349625967
,MomentMatch,,FKL,true,,4.0,6,exec_1,3,false,552.0,1,p0_SOFTPLUS_VARIANCE,-4.970501662726207
,MomentMatch,,FKL,true,,4.0,6,exec_1,3,false,552.0,2,p1_MEAN,2.9932907277073664
,MomentMatch,,FKL,true,,4.0,6,exec_1,3,false,552.0,3,p1_SOFTPLUS_VARIANCE,-2.199183154680116
,MomentMatch,,FKL,true,,4.0,6,exec_1,4,false,1128.0,0,p0_MEAN,-0.3776549693022542
,MomentMatch,,FKL,true,,4.0,6,exec_1,4,false,1128.0,1,p0_SOFTPLUS_VARIANCE,-3.903186683892011
,MomentMatch,,FKL,true,,4.0,6,exec_1,4,false,1128.0,2,p1_MEAN,3.0870093524606097
,MomentMatch,,FKL,true,,4.0,6,exec_1,4,false,1128.0,3,p1_SOFTPLUS_VARIANCE,-1.732308922352332
,MomentMatch,,FKL,true,,4.0,6,exec_1,5,false,2304.0,0,p0_MEAN,-0.3737456238962657
,MomentMatch,,FKL,true,,4.0,6,exec_1,5,false,2304.0,1,p0_SOFTPLUS_VARIANCE,-3.6441988613342335
,MomentMatch,,FKL,true,,4.0,6,exec_1,5,false,2304.0,2,p1_MEAN,3.099253150422009
,MomentMatch,,FKL,true,,4.0,6,exec_1,5,false,2304.0,3,p1_SOFTPLUS_VARIANCE,-1.3490212986692776
,MomentMatch,,FKL,true,,4.0,6,exec_1,6,false,4656.0,0,p0_MEAN,-0.3343408953194353
,MomentMatch,,FKL,true,,4.0,6,exec_1,6,false,4656.0,1,p0_SOFTPLUS_VARIANCE,-3.530424220610628
,MomentMatch,,FKL,true,,4.0,6,exec_1,6,false,4656.0,2,p1_MEAN,3.235720954220055
,MomentMatch,,FKL,true,,4.0,6,exec_1,6,false,4656.0,3,p1_SOFTPLUS_VARIANCE,-1.2784916299879163
,MomentMatch,,FKL,true,,4.0,6,exec_1,7,false,9336.0,0,p0_MEAN,-0.3548794281731381
,MomentMatch,,FKL,true,,4.0,6,exec_1,7,false,9336.0,1,p0_SOFTPLUS_VARIANCE,-3.6338155116606616
,MomentMatch,,FKL,true,,4.0,6,exec_1,7,false,9336.0,2,p1_MEAN,3.161037210568794
,MomentMatch,,FKL,true,,4.0,6,exec_1,7,false,9336.0,3,p1_SOFTPLUS_VARIANCE,-1.3398720074740456
,MomentMatch,,FKL,true,,4.0,6,exec_1,8,false,18720.0,0,p0_MEAN,-0.35748590606905706
,MomentMatch,,FKL,true,,4.0,6,exec_1,8,false,18720.0,1,p0_SOFTPLUS_VARIANCE,-3.5707297768623527
,MomentMatch,,FKL,true,,4.0,6,exec_1,8,false,18720.0,2,p1_MEAN,3.174355967311802
,MomentMatch,,FKL,true,,4.0,6,exec_1,8,false,18720.0,3,p1_SOFTPLUS_VARIANCE,-1.2535847782971676
,MomentMatch,,FKL,true,,4.0,6,exec_1,9,false,37464.0,0,p0_MEAN,-0.3723031315057335
,MomentMatch,,FKL,true,,4.0,6,exec_1,9,false,37464.0,1,p0_SOFTPLUS_VARIANCE,-3.6388678329497903
,MomentMatch,,FKL,true,,4.0,6,exec_1,9,false,37464.0,2,p1_MEAN,3.1321235852223
,MomentMatch,,FKL,true,,4.0,6,exec_1,9,false,37464.0,3,p1_SOFTPLUS_VARIANCE,-1.3353435028363616
,MomentMatch,,FKL,true,,4.0,6,exec_1,10,false,74976.0,0,p0_MEAN,-0.374184281661228
,MomentMatch,,FKL,true,,4.0,6,exec_1,10,false,74976.0,1,p0_SOFTPLUS_VARIANCE,-3.6156178854550594
,MomentMatch,,FKL,true,,4.0,6,exec_1,10,false,74976.0,2,p1_MEAN,3.1167936669220593
,MomentMatch,,FKL,true,,4.0,6,exec_1,10,false,74976.0,3,p1_SOFTPLUS_VARIANCE,-1.3251720726249734
,MomentMatch,,FKL,true,,4.0,6,exec_1,11,false,150000.0,0,p0_MEAN,-0.37026297460992785
,MomentMatch,,FKL,true,,4.0,6,exec_1,11,false,150000.0,1,p0_SOFTPLUS_VARIANCE,-3.6195855121851634
,MomentMatch,,FKL,true,,4.0,6,exec_1,11,false,150000.0,2,p1_MEAN,3.1288174820113945
,MomentMatch,,FKL,true,,4.0,6,exec_1,11,false,150000.0,3,p1_SOFTPLUS_VARIANCE,-1.2862359207208482
,MomentMatch,,FKL,true,,4.0,6,exec_1,12,true,300024.0,0,p0_MEAN,-0.3689797552785792
,MomentMatch,,FKL,true,,4.0,6,exec_1,12,true,300024.0,1,p0_SOFTPLUS_VARIANCE,-3.6218732234561615
,MomentMatch,,FKL,true,,4.0,6,exec_1,12,true,300024.0,2,p1_MEAN,3.133543005534762
,MomentMatch,,FKL,true,,4.0,6,exec_1,12,true,300024.0,3,p1_SOFTPLUS_VARIANCE,-1.3104404185569
,MomentMatch,,FKL,true,,4.0,6,exec_1,13,false,600024.0,0,p0_MEAN,-0.36637547729888054
,MomentMatch,,FKL,true,,4.0,6,exec_1,13,false,600024.0,1,p0_SOFTPLUS_VARIANCE,-3.611130451524542
,MomentMatch,,FKL,true,,4.0,6,exec_1,13,false,600024.0,2,p1_MEAN,3.1409421708646414
,MomentMatch,,FKL,true,,4.0,6,exec_1,13,false,600024.0,3,p1_SOFTPLUS_VARIANCE,-1.2843419225092154
,MomentMatch,,FKL,false,,4.0,3,exec_10,2,false,132.0,0,p0_MEAN,-0.2682556858033099
,MomentMatch,,FKL,false,,4.0,3,exec_10,2,false,132.0,1,p0_SOFTPLUS_VARIANCE,-4.936608491999628
,MomentMatch,,FKL,false,,4.0,3,exec_10,2,false,132.0,2,p1_MEAN,3.505979312565685
,MomentMatch,,FKL,false,,4.0,3,exec_10,2,false,132.0,3,p1_SOFTPLUS_VARIANCE,-2.415493187502278
,MomentMatch,,FKL,false,,4.0,3,exec_10,3,false,276.0,0,p0_MEAN,-0.3039298464466749
,MomentMatch,,FKL,false,,4.0,3,exec_10,3,false,276.0,1,p0_SOFTPLUS_VARIANCE,-4.152405732807009
,MomentMatch,,FKL,false,,4.0,3,exec_10,3,false,276.0,2,p1_MEAN,3.288923721663179
,MomentMatch,,FKL,false,,4.0,3,exec_10,3,false,276.0,3,p1_SOFTPLUS_VARIANCE,-1.529578449610005
,MomentMatch,,FKL,false,,4.0,3,exec_10,4,false,564.0,0,p0_MEAN,-0.3409902452741951
,MomentMatch,,FKL,false,,4.0,3,exec_10,4,false,564.0,1,p0_SOFTPLUS_VARIANCE,-3.529617145589988
,MomentMatch,,FKL,false,,4.0,3,exec_10,4,false,564.0,2,p1_MEAN,3.1991179795541362
,MomentMatch,,FKL,false,,4.0,3,exec_10,4,false,564.0,3,p1_SOFTPLUS_VARIANCE,-1.3539150934605653
,MomentMatch,,FKL,false,,4.0,3,exec_10,5,false,1152.0,0,p0_MEAN,-0.34764573538727367
,MomentMatch,,FKL,false,,4.0,3,exec_10,5,false,1152.0,1,p0_SOFTPLUS_VARIANCE,-3.744318976968184
,MomentMatch,,FKL,false,,4.0,3,exec_10,5,false,1152.0,2,p1_MEAN,3.1848065744705445
,MomentMatch,,FKL,false,,4.0,3,exec_10,5,false,1152.0,3,p1_SOFTPLUS_VARIANCE,-1.5400949770509098
,MomentMatch,,FKL,false,,4.0,3,exec_10,6,false,2328.0,0,p0_MEAN,-0.3768862995687937
,MomentMatch,,FKL,false,,4.0,3,exec_10,6,false,2328.0,1,p0_SOFTPLUS_VARIANCE,-3.34210464278974
,MomentMatch,,FKL,false,,4.0,3,exec_10,6,false,2328.0,2,p1_MEAN,3.0862808989767023
,MomentMatch,,FKL,false,,4.0,3,exec_10,6,false,2328.0,3,p1_SOFTPLUS_VARIANCE,-1.1102678142010634
,MomentMatch,,FKL,false,,4.0,3,exec_10,7,false,4668.0,0,p0_MEAN,-0.36348530504360105
,MomentMatch,,FKL,false,,4.0,3,exec_10,7,false,4668.0,1,p0_SOFTPLUS_VARIANCE,-3.631332825431995
,MomentMatch,,FKL,false,,4.0,3,exec_10,7,false,4668.0,2,p1_MEAN,3.1660950394574954
,MomentMatch,,FKL,false,,4.0,3,exec_10,7,false,4668.0,3,p1_SOFTPLUS_VARIANCE,-1.1993225613194143
,MomentMatch,,FKL,false,,4.0,3,exec_10,8,false,9360.0,0,p0_MEAN,-0.3521485189235659
,MomentMatch,,FKL,false,,4.0,3,exec_10,8,false,9360.0,1,p0_SOFTPLUS_VARIANCE,-3.6002069647835007
,MomentMatch,,FKL,false,,4.0,3,exec_10,8,false,9360.0,2,p1_MEAN,3.1857359286723548
,MomentMatch,,FKL,false,,4.0,3,exec_10,8,false,9360.0,3,p1_SOFTPLUS_VARIANCE,-1.3053924183302914
,MomentMatch,,FKL,false,,4.0,3,exec_10,9,false,18732.0,0,p0_MEAN,-0.3738254318851023
,MomentMatch,,FKL,false,,4.0,3,exec_10,9,false,18732.0,1,p0_SOFTPLUS_VARIANCE,-3.6139556753764066
,MomentMatch,,FKL,false,,4.0,3,exec_10,9,false,18732.0,2,p1_MEAN,3.1270564563953545
,MomentMatch,,FKL,false,,4.0,3,exec_10,9,false,18732.0,3,p1_SOFTPLUS_VARIANCE,-1.3188828720347627
,MomentMatch,,FKL,false,,4.0,3,exec_10,10,false,37488.0,0,p0_MEAN,-0.369030188884579
,MomentMatch,,FKL,false,,4.0,3,exec_10,10,false,37488.0,1,p0_SOFTPLUS_VARIANCE,-3.642719575672582
,MomentMatch,,FKL,false,,4.0,3,exec_10,10,false,37488.0,2,p1_MEAN,3.1286917712841915
,MomentMatch,,FKL,false,,4.0,3,exec_10,10,false,37488.0,3,p1_SOFTPLUS_VARIANCE,-1.3461595531243429
,MomentMatch,,FKL,false,,4.0,3,exec_10,11,false,75000.0,0,p0_MEAN,-0.3682722738850705
,MomentMatch,,FKL,false,,4.0,3,exec_10,11,false,75000.0,1,p0_SOFTPLUS_VARIANCE,-3.6562125202623337
,MomentMatch,,FKL,false,,4.0,3,exec_10,11,false,75000.0,2,p1_MEAN,3.136102239747202
,MomentMatch,,FKL,false,,4.0,3,exec_10,11,false,75000.0,3,p1_SOFTPLUS_VARIANCE,-1.3480175713686247
,MomentMatch,,FKL,false,,4.0,3,exec_10,12,true,150012.0,0,p0_MEAN,-0.3688407449767277
,MomentMatch,,FKL,false,,4.0,3,exec_10,12,true,150012.0,1,p0_SOFTPLUS_VARIANCE,-3.6265437449305913
,MomentMatch,,FKL,false,,4.0,3,exec_10,12,true,150012.0,2,p1_MEAN,3.1393827824291067
,MomentMatch,,FKL,false,,4.0,3,exec_10,12,true,150012.0,3,p1_SOFTPLUS_VARIANCE,-1.2905729755487125
,MomentMatch,,FKL,false,,4.0,3,exec_10,13,false,300012.0,0,p0_MEAN,-0.3678097822729245
,MomentMatch,,FKL,false,,4.0,3,exec_10,13,false,300012.0,1,p0_SOFTPLUS_VARIANCE,-3.6184015294319383
,MomentMatch,,FKL,false,,4.0,3,exec_10,13,false,300012.0,2,p1_MEAN,3.1342925858805524
,MomentMatch,,FKL,false,,4.0,3,exec_10,13,false,300012.0,3,p1_SOFTPLUS_VARIANCE,-1.3013494670066366
,MomentMatch,,FKL,true,,4.0,9,exec_11,1,false,120.0,0,p0_MEAN,-0.28785270782245653
,MomentMatch,,FKL,true,,4.0,9,exec_11,1,false,120.0,1,p0_SOFTPLUS_VARIANCE,-4.5862348516476255
,MomentMatch,,FKL,true,,4.0,9,exec_11,1,false,120.0,2,p1_MEAN,3.3231616162958124
,MomentMatch,,FKL,true,,4.0,9,exec_11,1,false,120.0,3,p1_SOFTPLUS_VARIANCE,-1.984065505887446
,MomentMatch,,FKL,true,,4.0,9,exec_11,2,false,264.0,0,p0_MEAN,-0.47023378413717354
,MomentMatch,,FKL,true,,4.0,9,exec_11,2,false,264.0,1,p0_SOFTPLUS_VARIANCE,-3.8951424802436554
,MomentMatch,,FKL,true,,4.0,9,exec_11,2,false,264.0,2,p1_MEAN,2.8212993581299455
,MomentMatch,,FKL,true,,4.0,9,exec_11,2,false,264.0,3,p1_SOFTPLUS_VARIANCE,-1.7758256645007453
,MomentMatch,,FKL,true,,4.0,9,exec_11,3,false,552.0,0,p0_MEAN,-0.40678700762412084
,MomentMatch,,FKL,true,,4.0,9,exec_11,3,false,552.0,1,p0_SOFTPLUS_VARIANCE,-3.507145791490717
,MomentMatch,,FKL,true,,4.0,9,exec_11,3,false,552.0,2,p1_MEAN,3.081835376980783
,MomentMatch,,FKL,true,,4.0,9,exec_11,3,false,552.0,3,p1_SOFTPLUS_VARIANCE,-1.2283493679128987
,MomentMatch,,FKL,true,,4.0,9,exec_11,4,false,1128.0,0,p0_MEAN,-0.3815055952074727
,MomentMatch,,FKL,true,,4.0,9,exec_11,4,false,1128.0,1,p0_SOFTPLUS_VARIANCE,-3.9405082600972765
,MomentMatch,,FKL,true,,4.0,9,exec_11,4,false,1128.0,2,p1_MEAN,3.1237704450739363
,MomentMatch,,FKL,true,,4.0,9,exec_11,4,false,1128.0,3,p1_SOFTPLUS_VARIANCE,-1.7717831349472162
,MomentMatch,,FKL,true,,4.0,9,exec_11,5,false,2304.0,0,p0_MEAN,-0.34581920812267664
,MomentMatch,,FKL,true,,4.0,9,exec_11,5,false,2304.0,1,p0_SOFTPLUS_VARIANCE,-3.5998845813397065
,MomentMatch,,FKL,true,,4.0,9,exec_11,5,false,2304.0,2,p1_MEAN,3.209503540244296
,MomentMatch,,FKL,true,,4.0,9,exec_11,5,false,2304.0,3,p1_SOFTPLUS_VARIANCE,-1.2879505975136663
,MomentMatch,,FKL,true,,4.0,9,exec_11,6,false,4656.0,0,p0_MEAN,-0.3665879472493653
,MomentMatch,,FKL,true,,4.0,9,exec_11,6,false,4656.0,1,p0_SOFTPLUS_VARIANCE,-3.533393004343788
,MomentMatch,,FKL,true,,4.0,9,exec_11,6,false,4656.0,2,p1_MEAN,3.1654969355691738
,MomentMatch,,FKL,true,,4.0,9,exec_11,6,false,4656.0,3,p1_SOFTPLUS_VARIANCE,-1.1538651761028706
,MomentMatch,,FKL,true,,4.0,9,exec_11,7,false,9336.0,0,p0_MEAN,-0.37068737635997306
,MomentMatch,,FKL,true,,4.0,9,exec_11,7,false,9336.0,1,p0_SOFTPLUS_VARIANCE,-3.6509346207924467
,MomentMatch,,FKL,true,,4.0,9,exec_11,7,false,9336.0,2,p1_MEAN,3.1313282751905698
,MomentMatch,,FKL,true,,4.0,9,exec_11,7,false,9336.0,3,p1_SOFTPLUS_VARIANCE,-1.3677191001033762
,MomentMatch,,FKL,true,,4.0,9,exec_11,8,false,18720.0,0,p0_MEAN,-0.37072869114611323
,MomentMatch,,FKL,true,,4.0,9,exec_11,8,false,18720.0,1,p0_SOFTPLUS_VARIANCE,-3.625856804855402
,MomentMatch,,FKL,true,,4.0,9,exec_11,8,false,18720.0,2,p1_MEAN,3.12371163150824
,MomentMatch,,FKL,true,,4.0,9,exec_11,8,false,18720.0,3,p1_SOFTPLUS_VARIANCE,-1.2978424313112311
,MomentMatch,,FKL,true,,4.0,9,exec_11,9,false,37464.0,0,p0_MEAN,-0.37279085400010625
,MomentMatch,,FKL,true,,4.0,9,exec_11,9,false,37464.0,1,p0_SOFTPLUS_VARIANCE,-3.5285103888517755
,MomentMatch,,FKL,true,,4.0,9,exec_11,9,false,37464.0,2,p1_MEAN,3.13359047835074
,MomentMatch,,FKL,true,,4.0,9,exec_11,9,false,37464.0,3,p1_SOFTPLUS_VARIANCE,-1.1846774146059575
,MomentMatch,,FKL,true,,4.0,9,exec_11,10,false,74976.0,0,p0_MEAN,-0.36299855529085634
,MomentMatch,,FKL,true,,4.0,9,exec_11,10,false,74976.0,1,p0_SOFTPLUS_VARIANCE,-3.6640128502473193
,MomentMatch,,FKL,true,,4.0,9,exec_11,10,false,74976.0,2,p1_MEAN,3.1458708202741175
,MomentMatch,,FKL,true,,4.0,9,exec_11,10,false,74976.0,3,p1_SOFTPLUS_VARIANCE,-1.3238921638456873
,MomentMatch,,FKL,true,,4.0,9,exec_11,11,false,150000.0,0,p0_MEAN,-0.36440304757795644
,MomentMatch,,FKL,true,,4.0,9,exec_11,11,false,150000.0,1,p0_SOFTPLUS_VARIANCE,-3.5813900148054856
,MomentMatch,,FKL,true,,4.0,9,exec_11,11,false,150000.0,2,p1_MEAN,3.1514064856826915
,MomentMatch,,FKL,true,,4.0,9,exec_11,11,false,150000.0,3,p1_SOFTPLUS_VARIANCE,-1.248745054413128
,MomentMatch,,FKL,true,,4.0,9,exec_11,12,true,300024.0,0,p0_MEAN,-0.3698911170298315
,MomentMatch,,FKL,true,,4.0,9,exec_11,12,true,300024.0,1,p0_SOFTPLUS_VARIANCE,-3.6238858873271718
,MomentMatch,,FKL,true,,4.0,9,exec_11,12,true,300024.0,2,p1_MEAN,3.125448338480566
,MomentMatch,,FKL,true,,4.0,9,exec_11,12,true,300024.0,3,p1_SOFTPLUS_VARIANCE,-1.2977480615891996
,MomentMatch,,FKL,true,,4.0,9,exec_11,13,false,600024.0,0,p0_MEAN,-0.3687741091223985
,MomentMatch,,FKL,true,,4.0,9,exec_11,13,false,600024.0,1,p0_SOFTPLUS_VARIANCE,-3.64627924363931
,MomentMatch,,FKL,true,,4.0,9,exec_11,13,false,600024.0,2,p1_MEAN,3.1326304620029277
,MomentMatch,,FKL,true,,4.0,9,exec_11,13,false,600024.0,3,p1_SOFTPLUS_VARIANCE,-1.3317573791489619
,MomentMatch,,FKL,false,,4.0,1,exec_12,2,false,132.0,0,p0_MEAN,-0.4165600207114022
,MomentMatch,,FKL,false,,4.0,1,exec_12,2,false,132.0,1,p0_SOFTPLUS_VARIANCE,-3.5471875275907285
,MomentMatch,,FKL,false,,4.0,1,exec_12,2,false,132.0,2,p1_MEAN,2.9414339175384865
,MomentMatch,,FKL,false,,4.0,1,exec_12,2,false,132.0,3,p1_SOFTPLUS_VARIANCE,-1.8434165123385688
,MomentMatch,,FKL,false,,4.0,1,exec_12,3,false,276.0,0,p0_MEAN,-0.3936111066451753
,MomentMatch,,FKL,false,,4.0,1,exec_12,3,false,276.0,1,p0_SOFTPLUS_VARIANCE,-4.031559123727274
,MomentMatch,,FKL,false,,4.0,1,exec_12,3,false,276.0,2,p1_MEAN,3.120109878593192
,MomentMatch,,FKL,false,,4.0,1,exec_12,3,false,276.0,3,p1_SOFTPLUS_VARIANCE,-1.3718092476182449
,MomentMatch,,FKL,false,,4.0,1,exec_12,4,false,564.0,0,p0_MEAN,-0.4013997881819859
,MomentMatch,,FKL,false,,4.0,1,exec_12,4,false,564.0,1,p0_SOFTPLUS_VARIANCE,-3.9419325758356414
,MomentMatch,,FKL,false,,4.0,1,exec_12,4,false,564.0,2,p1_MEAN,3.0455998109782154
,MomentMatch,,FKL,false,,4.0,1,exec_12,4,false,564.0,3,p1_SOFTPLUS_VARIANCE,-1.6772139669423365
,MomentMatch,,FKL,false,,4.0,1,exec_12,5,false,1152.0,0,p0_MEAN,-0.3856571758746158
,MomentMatch,,FKL,false,,4.0,1,exec_12,5,false,1152.0,1,p0_SOFTPLUS_VARIANCE,-3.9650345851254354
,MomentMatch,,FKL,false,,4.0,1,exec_12,5,false,1152.0,2,p1_MEAN,3.0926463660102885
,MomentMatch,,FKL,false,,4.0,1,exec_12,5,false,1152.0,3,p1_SOFTPLUS_VARIANCE,-1.664702162455352
,MomentMatch,,FKL,false,,4.0,1,exec_12,6,false,2328.0,0,p0_MEAN,-0.3601976591763664
,MomentMatch,,FKL,false,,4.0,1,exec_12,6,false,2328.0,1,p0_SOFTPLUS_VARIANCE,-3.4601933336412904
,MomentMatch,,FKL,false,,4.0,1,exec_12,6,false,2328.0,2,p1_MEAN,3.1359699520373265
,MomentMatch,,FKL,false,,4.0,1,exec_12,6,false,2328.0,3,p1_SOFTPLUS_VARIANCE,-1.11969947551448
,MomentMatch,,FKL,false,,4.0,1,exec_12,7,false,4668.0,0,p0_MEAN,-0.3680778987508921
,MomentMatch,,FKL,false,,4.0,1,exec_12,7,false,4668.0,1,p0_SOFTPLUS_VARIANCE,-3.4629027653111653
,MomentMatch,,FKL,false,,4.0,1,exec_12,7,false,4668.0,2,p1_MEAN,3.1340050752122197
,MomentMatch,,FKL,false,,4.0,1,exec_12,7,false,4668.0,3,p1_SOFTPLUS_VARIANCE,-1.1245646682762835
,MomentMatch,,FKL,false,,4.0,1,exec_12,8,false,9360.0,0,p0_MEAN,-0.38003232975841306
,MomentMatch,,FKL,false,,4.0,1,exec_12,8,false,9360.0,1,p0_SOFTPLUS_VARIANCE,-3.6209285546237537
,MomentMatch,,FKL,false,,4.0,1,exec_12,8,false,9360.0,2,p1_MEAN,3.097379753494021
,MomentMatch,,FKL,false,,4.0,1,exec_12,8,false,9360.0,3,p1_SOFTPLUS_VARIANCE,-1.3011477790885373
,MomentMatch,,FKL,false,,4.0,1,exec_12,9,false,18732.0,0,p0_MEAN,-0.3599884387100462
,MomentMatch,,FKL,false,,4.0,1,exec_12,9,false,18732.0,1,p0_SOFTPLUS_VARIANCE,-3.6674547200296086
,MomentMatch,,FKL,false,,4.0,1,exec_12,9,false,18732.0,2,p1_MEAN,3.154445083254504
,MomentMatch,,FKL,false,,4.0,1,exec_12,9,false,18732.0,3,p1_SOFTPLUS_VARIANCE,-1.35854906718793
,MomentMatch,,FKL,false,,4.0,1,exec_12,10,false,37488.0,0,p0_MEAN,-0.36458527773213867
,MomentMatch,,FKL,false,,4.0,1,exec_12,10,false,37488.0,1,p0_SOFTPLUS_VARIANCE,-3.6651043712937135
,MomentMatch,,FKL,false,,4.0,1,exec_12,10,false,37488.0,2,p1_MEAN,3.1402409661569766
,MomentMatch,,FKL,false,,4.0,1,exec_12,10,false,37488.0,3,p1_SOFTPLUS_VARIANCE,-1.3509521186342404
,MomentMatch,,FKL,false,,4.0,1,exec_12,11,false,75000.0,0,p0_MEAN,-0.3717665363856771
,MomentMatch,,FKL,false,,4.0,1,exec_12,11,false,75000.0,1,p0_SOFTPLUS_VARIANCE,-3.610176003864651
,MomentMatch,,FKL,false,,4.0,1,exec_12,11,false,75000.0,2,p1_MEAN,3.1247700145108834
,MomentMatch,,FKL,false,,4.0,1,exec_12,11,false,75000.0,3,p1_SOFTPLUS_VARIANCE,-1.2808323386519942
,MomentMatch,,FKL,false,,4.0,1,exec_12,12,true,150012.0,0,p0_MEAN,-0.36955979083786566
,MomentMatch,,FKL,false,,4.0,1,exec_12,12,true,150012.0,1,p0_SOFTPLUS_VARIANCE,-3.644506280905064
,MomentMatch,,FKL,false,,4.0,1,exec_12,12,true,150012.0,2,p1_MEAN,3.1293841483109235
,MomentMatch,,FKL,false,,4.0,1,exec_12,12,true,150012.0,3,p1_SOFTPLUS_VARIANCE,-1.316829743162702
,MomentMatch,,FKL,false,,4.0,1,exec_12,13,false,300012.0,0,p0_MEAN,-0.3671769372431655
,MomentMatch,,FKL,false,,4.0,1,exec_12,13,false,300012.0,1,p0_SOFTPLUS_VARIANCE,-3.6283097844641317
,MomentMatch,,FKL,false,,4.0,1,exec_12,13,false,300012.0,2,p1_MEAN,3.138259612391068
,MomentMatch,,FKL,false,,4.0,1,exec_12,13,false,300012.0,3,p1_SOFTPLUS_VARIANCE,-1.3159156970926953
,MomentMatch,,FKL,false,,4.0,9,exec_13,1,false,60.0,0,p0_MEAN,-0.4001425971718151
,MomentMatch,,FKL,false,,4.0,9,exec_13,1,false,60.0,1,p0_SOFTPLUS_VARIANCE,-3.5574777960843886
,MomentMatch,,FKL,false,,4.0,9,exec_13,1,false,60.0,2,p1_MEAN,3.1033851288806846
,MomentMatch,,FKL,false,,4.0,9,exec_13,1,false,60.0,3,p1_SOFTPLUS_VARIANCE,-0.9810070811510273
,MomentMatch,,FKL,false,,4.0,9,exec_13,2,false,132.0,0,p0_MEAN,-0.40167447220139535
,MomentMatch,,FKL,false,,4.0,9,exec_13,2,false,132.0,1,p0_SOFTPLUS_VARIANCE,-4.093312594751902
,MomentMatch,,FKL,false,,4.0,9,exec_13,2,false,132.0,2,p1_MEAN,2.978528394032518
,MomentMatch,,FKL,false,,4.0,9,exec_13,2,false,132.0,3,p1_SOFTPLUS_VARIANCE,-1.939934971202411
,MomentMatch,,FKL,false,,4.0,9,exec_13,3,false,276.0,0,p0_MEAN,-0.40133047216234496
,MomentMatch,,FKL,false,,4.0,9,exec_13,3,false,276.0,1,p0_SOFTPLUS_VARIANCE,-3.726219272988964
,MomentMatch,,FKL,false,,4.0,9,exec_13,3,false,276.0,2,p1_MEAN,3.061517575427231
,MomentMatch,,FKL,false,,4.0,9,exec_13,3,false,276.0,3,p1_SOFTPLUS_VARIANCE,-1.3828476504422231
,MomentMatch,,FKL,false,,4.0,9,exec_13,4,false,564.0,0,p0_MEAN,-0.32549127739069444
,MomentMatch,,FKL,false,,4.0,9,exec_13,4,false,564.0,1,p0_SOFTPLUS_VARIANCE,-3.512636792314964
,MomentMatch,,FKL,false,,4.0,9,exec_13,4,false,564.0,2,p1_MEAN,3.2618541382944795
,MomentMatch,,FKL,false,,4.0,9,exec_13,4,false,564.0,3,p1_SOFTPLUS_VARIANCE,-0.9574888959173146
,MomentMatch,,FKL,false,,4.0,9,exec_13,5,false,1152.0,0,p0_MEAN,-0.35372457235543625
,MomentMatch,,FKL,false,,4.0,9,exec_13,5,false,1152.0,1,p0_SOFTPLUS_VARIANCE,-3.5959229164265762
,MomentMatch,,FKL,false,,4.0,9,exec_13,5,false,1152.0,2,p1_MEAN,3.135307974080868
,MomentMatch,,FKL,false,,4.0,9,exec_13,5,false,1152.0,3,p1_SOFTPLUS_VARIANCE,-1.4529763722532958
,MomentMatch,,FKL,false,,4.0,9,exec_13,6,false,2328.0,0,p0_MEAN,-0.3551989482394831
,MomentMatch,,FKL,false,,4.0,9,exec_13,6,false,2328.0,1,p0_SOFTPLUS_VARIANCE,-3.69232937837471
,MomentMatch,,FKL,false,,4.0,9,exec_13,6,false,2328.0,2,p1_MEAN,3.1751099198355033
,MomentMatch,,FKL,false,,4.0,9,exec_13,6,false,2328.0,3,p1_SOFTPLUS_VARIANCE,-1.2468788640805268
,MomentMatch,,FKL,false,,4.0,9,exec_13,7,false,4668.0,0,p0_MEAN,-0.3804102262832437
,MomentMatch,,FKL,false,,4.0,9,exec_13,7,false,4668.0,1,p0_SOFTPLUS_VARIANCE,-3.6803102903418554
,MomentMatch,,FKL,false,,4.0,9,exec_13,7,false,4668.0,2,p1_MEAN,3.1048801708247273
,MomentMatch,,FKL,false,,4.0,9,exec_13,7,false,4668.0,3,p1_SOFTPLUS_VARIANCE,-1.41710506287665
,MomentMatch,,FKL,false,,4.0,9,exec_13,8,false,9360.0,0,p0_MEAN,-0.355311496992135
,MomentMatch,,FKL,false,,4.0,9,exec_13,8,false,9360.0,1,p0_SOFTPLUS_VARIANCE,-3.579129249717036
,MomentMatch,,FKL,false,,4.0,9,exec_13,8,false,9360.0,2,p1_MEAN,3.1723506820926506
,MomentMatch,,FKL,false,,4.0,9,exec_13,8,false,9360.0,3,p1_SOFTPLUS_VARIANCE,-1.234198870231534
,MomentMatch,,FKL,false,,4.0,9,exec_13,9,false,18732.0,0,p0_MEAN,-0.37533450716440125
,MomentMatch,,FKL,false,,4.0,9,exec_13,9,false,18732.0,1,p0_SOFTPLUS_VARIANCE,-3.608878097335995
,MomentMatch,,FKL,false,,4.0,9,exec_13,9,false,18732.0,2,p1_MEAN,3.1231473397939915
,MomentMatch,,FKL,false,,4.0,9,exec_13,9,false,18732.0,3,p1_SOFTPLUS_VARIANCE,-1.279819700420472
,MomentMatch,,FKL,false,,4.0,9,exec_13,10,false,37488.0,0,p0_MEAN,-0.3585243995812974
,MomentMatch,,FKL,false,,4.0,9,exec_13,10,false,37488.0,1,p0_SOFTPLUS_VARIANCE,-3.6242391892344794
,MomentMatch,,FKL,false,,4.0,9,exec_13,10,false,37488.0,2,p1_MEAN,3.1601154768993305
,MomentMatch,,FKL,false,,4.0,9,exec_13,10,false,37488.0,3,p1_SOFTPLUS_VARIANCE,-1.280882843427194
,MomentMatch,,FKL,false,,4.0,9,exec_13,11,false,75000.0,0,p0_MEAN,-0.3667042697969331
,MomentMatch,,FKL,false,,4.0,9,exec_13,11,false,75000.0,1,p0_SOFTPLUS_VARIANCE,-3.6262839308890746
,MomentMatch,,FKL,false,,4.0,9,exec_13,11,false,75000.0,2,p1_MEAN,3.1441756451021985
,MomentMatch,,FKL,false,,4.0,9,exec_13,11,false,75000.0,3,p1_SOFTPLUS_VARIANCE,-1.2813593668085708
,MomentMatch,,FKL,false,,4.0,9,exec_13,12,true,150012.0,0,p0_MEAN,-0.3694722949921142
,MomentMatch,,FKL,false,,4.0,9,exec_13,12,true,150012.0,1,p0_SOFTPLUS_VARIANCE,-3.6510971265298497
,MomentMatch,,FKL,false,,4.0,9,exec_13,12,true,150012.0,2,p1_MEAN,3.1284002030082556
,MomentMatch,,FKL,false,,4.0,9,exec_13,12,true,150012.0,3,p1_SOFTPLUS_VARIANCE,-1.3285754026613723
,MomentMatch,,FKL,false,,4.0,9,exec_13,13,false,300012.0,0,p0_MEAN,-0.36456190634926633
,MomentMatch,,FKL,false,,4.0,9,exec_13,13,false,300012.0,1,p0_SOFTPLUS_VARIANCE,-3.6292080320838025
,MomentMatch,,FKL,false,,4.0,9,exec_13,13,false,300012.0,2,p1_MEAN,3.143465894326208
,MomentMatch,,FKL,false,,4.0,9,exec_13,13,false,300012.0,3,p1_SOFTPLUS_VARIANCE,-1.3048508055172061
,MomentMatch,,FKL,true,,4.0,10,exec_14,1,false,120.0,0,p0_MEAN,-0.2849797394007022
,MomentMatch,,FKL,true,,4.0,10,exec_14,1,false,120.0,1,p0_SOFTPLUS_VARIANCE,-4.41495688506579
,MomentMatch,,FKL,true,,4.0,10,exec_14,1,false,120.0,2,p1_MEAN,3.3145519544259052
,MomentMatch,,FKL,true,,4.0,10,exec_14,1,false,120.0,3,p1_SOFTPLUS_VARIANCE,-1.7485327978856047
,MomentMatch,,FKL,true,,4.0,10,exec_14,2,false,264.0,0,p0_MEAN,-0.4803025974598256
,MomentMatch,,FKL,true,,4.0,10,exec_14,2,false,264.0,1,p0_SOFTPLUS_VARIANCE,-5.039593373527727
,MomentMatch,,FKL,true,,4.0,10,exec_14,2,false,264.0,2,p1_MEAN,2.958060168004758
,MomentMatch,,FKL,true,,4.0,10,exec_14,2,false,264.0,3,p1_SOFTPLUS_VARIANCE,-2.438698618875346
,MomentMatch,,FKL,true,,4.0,10,exec_14,3,false,552.0,0,p0_MEAN,-0.4041536338518653
,MomentMatch,,FKL,true,,4.0,10,exec_14,3,false,552.0,1,p0_SOFTPLUS_VARIANCE,-4.075365861018149
,MomentMatch,,FKL,true,,4.0,10,exec_14,3,false,552.0,2,p1_MEAN,3.0449969338382377
,MomentMatch,,FKL,true,,4.0,10,exec_14,3,false,552.0,3,p1_SOFTPLUS_VARIANCE,-2.0454514551092475
,MomentMatch,,FKL,true,,4.0,10,exec_14,4,false,1128.0,0,p0_MEAN,-0.4226542360336946
,MomentMatch,,FKL,true,,4.0,10,exec_14,4,false,1128.0,1,p0_SOFTPLUS_VARIANCE,-3.5564635255041193
,MomentMatch,,FKL,true,,4.0,10,exec_14,4,false,1128.0,2,p1_MEAN,2.995738903432775
,MomentMatch,,FKL,true,,4.0,10,exec_14,4,false,1128.0,3,p1_SOFTPLUS_VARIANCE,-1.0805582750318043
,MomentMatch,,FKL,true,,4.0,10,exec_14,5,false,2304.0,0,p0_MEAN,-0.37357833786518546
,MomentMatch,,FKL,true,,4.0,10,exec_14,5,false,2304.0,1,p0_SOFTPLUS_VARIANCE,-3.2497703276165932
,MomentMatch,,FKL,true,,4.0,10,exec_14,5,false,2304.0,2,p1_MEAN,3.10162668055492
,MomentMatch,,FKL,true,,4.0,10,exec_14,5,false,2304.0,3,p1_SOFTPLUS_VARIANCE,-0.9327536973907953
,MomentMatch,,FKL,true,,4.0,10,exec_14,6,false,4656.0,0,p0_MEAN,-0.35713912262577224
,MomentMatch,,FKL,true,,4.0,10,exec_14,6,false,4656.0,1,p0_SOFTPLUS_VARIANCE,-3.6440835208677793
,MomentMatch,,FKL,true,,4.0,10,exec_14,6,false,4656.0,2,p1_MEAN,3.185935577099686
,MomentMatch,,FKL,true,,4.0,10,exec_14,6,false,4656.0,3,p1_SOFTPLUS_VARIANCE,-1.3520732840854282
,MomentMatch,,FKL,true,,4.0,10,exec_14,7,false,9336.0,0,p0_MEAN,-0.38399106284868995
,MomentMatch,,FKL,true,,4.0,10,exec_14,7,false,9336.0,1,p0_SOFTPLUS_VARIANCE,-3.632037010467291
,MomentMatch,,FKL,true,,4.0,10,exec_14,7,false,9336.0,2,p1_MEAN,3.0753407962107704
,MomentMatch,,FKL,true,,4.0,10,exec_14,7,false,9336.0,3,p1_SOFTPLUS_VARIANCE,-1.4032385176351578
,MomentMatch,,FKL,true,,4.0,10,exec_14,8,false,18720.0,0,p0_MEAN,-0.38130295014286064
,MomentMatch,,FKL,true,,4.0,10,exec_14,8,false,18720.0,1,p0_SOFTPLUS_VARIANCE,-3.556240366863548
,MomentMatch,,FKL,true,,4.0,10,exec_14,8,false,18720.0,2,p1_MEAN,3.100953063568007
,MomentMatch,,FKL,true,,4.0,10,exec_14,8,false,18720.0,3,p1_SOFTPLUS_VARIANCE,-1.188939128998735
,MomentMatch,,FKL,true,,4.0,10,exec_14,9,false,37464.0,0,p0_MEAN,-0.3612250436345475
,MomentMatch,,FKL,true,,4.0,10,exec_14,9,false,37464.0,1,p0_SOFTPLUS_VARIANCE,-3.6006360106742097
,MomentMatch,,FKL,true,,4.0,10,exec_14,9,false,37464.0,2,p1_MEAN,3.1583617688817367
,MomentMatch,,FKL,true,,4.0,10,exec_14,9,false,37464.0,3,p1_SOFTPLUS_VARIANCE,-1.2515262952822725
,MomentMatch,,FKL,true,,4.0,10,exec_14,10,false,74976.0,0,p0_MEAN,-0.3635847880449765
,MomentMatch,,FKL,true,,4.0,10,exec_14,10,false,74976.0,1,p0_SOFTPLUS_VARIANCE,-3.651406620276227
,MomentMatch,,FKL,true,,4.0,10,exec_14,10,false,74976.0,2,p1_MEAN,3.148062235945937
,MomentMatch,,FKL,true,,4.0,10,exec_14,10,false,74976.0,3,p1_SOFTPLUS_VARIANCE,-1.3386081217640662
,MomentMatch,,FKL,true,,4.0,10,exec_14,11,false,150000.0,0,p0_MEAN,-0.36664474964160204
,MomentMatch,,FKL,true,,4.0,10,exec_14,11,false,150000.0,1,p0_SOFTPLUS_VARIANCE,-3.6057519993129175
,MomentMatch,,FKL,true,,4.0,10,exec_14,11,false,150000.0,2,p1_MEAN,3.139536903939267
,MomentMatch,,FKL,true,,4.0,10,exec_14,11,false,150000.0,3,p1_SOFTPLUS_VARIANCE,-1.2920619013819867
,MomentMatch,,FKL,true,,4.0,10,exec_14,12,true,300024.0,0,p0_MEAN,-0.3704537633647379
,MomentMatch,,FKL,true,,4.0,10,exec_14,12,true,300024.0,1,p0_SOFTPLUS_VARIANCE,-3.6155030551767697
,MomentMatch,,FKL,true,,4.0,10,exec_14,12,true,300024.0,2,p1_MEAN,3.1288788102925484
,MomentMatch,,FKL,true,,4.0,10,exec_14,12,true,300024.0,3,p1_SOFTPLUS_VARIANCE,-1.3101670535627332
,MomentMatch,,FKL,true,,4.0,10,exec_14,13,false,600024.0,0,p0_MEAN,-0.3677619686906308
,MomentMatch,,FKL,true,,4.0,10,exec_14,13,false,600024.0,1,p0_SOFTPLUS_VARIANCE,-3.616970752161997
,MomentMatch,,FKL,true,,4.0,10,exec_14,13,false,600024.0,2,p1_MEAN,3.135788664783801
,MomentMatch,,FKL,true,,4.0,10,exec_14,13,false,600024.0,3,p1_SOFTPLUS_VARIANCE,-1.304441138499534
,MomentMatch,,FKL,false,,4.0,7,exec_15,2,false,132.0,0,p0_MEAN,-0.399390317284682
,MomentMatch,,FKL,false,,4.0,7,exec_15,2,false,132.0,1,p0_SOFTPLUS_VARIANCE,-4.367606124792505
,MomentMatch,,FKL,false,,4.0,7,exec_15,2,false,132.0,2,p1_MEAN,3.0368522356226157
,MomentMatch,,FKL,false,,4.0,7,exec_15,2,false,132.0,3,p1_SOFTPLUS_VARIANCE,-2.322347959207294
,MomentMatch,,FKL,false,,4.0,7,exec_15,3,false,276.0,0,p0_MEAN,-0.46882943560736023
,MomentMatch,,FKL,false,,4.0,7,exec_15,3,false,276.0,1,p0_SOFTPLUS_VARIANCE,-4.491687193771776
,MomentMatch,,FKL,false,,4.0,7,exec_15,3,false,276.0,2,p1_MEAN,2.836266124207276
,MomentMatch,,FKL,false,,4.0,7,exec_15,3,false,276.0,3,p1_SOFTPLUS_VARIANCE,-2.4136502265694677
,MomentMatch,,FKL,false,,4.0,7,exec_15,4,false,564.0,0,p0_MEAN,-0.41308980707235077
,MomentMatch,,FKL,false,,4.0,7,exec_15,4,false,564.0,1,p0_SOFTPLUS_VARIANCE,-3.746782706386959
,MomentMatch,,FKL,false,,4.0,7,exec_15,4,false,564.0,2,p1_MEAN,2.960410899194588
,MomentMatch,,FKL,false,,4.0,7,exec_15,4,false,564.0,3,p1_SOFTPLUS_VARIANCE,-1.7445203417874222
,MomentMatch,,FKL,false,,4.0,7,exec_15,5,false,1152.0,0,p0_MEAN,-0.3846311116684661
,MomentMatch,,FKL,false,,4.0,7,exec_15,5,false,1152.0,1,p0_SOFTPLUS_VARIANCE,-3.5685517537506466
,MomentMatch,,FKL,false,,4.0,7,exec_15,5,false,1152.0,2,p1_MEAN,3.093722708064312
,MomentMatch,,FKL,false,,4.0,7,exec_15,5,false,1152.0,3,p1_SOFTPLUS_VARIANCE,-1.2999447265037376
,MomentMatch,,FKL,false,,4.0,7,exec_15,6,false,2328.0,0,p0_MEAN,-0.36024807958409016
,MomentMatch,,FKL,false,,4.0,7,exec_15,6,false,2328.0,1,p0_SOFTPLUS_VARIANCE,-3.9352049895235774
,MomentMatch,,FKL,false,,4.0,7,exec_15,6,false,2328.0,2,p1_MEAN,3.1306319540627907
,MomentMatch,,FKL,false,,4.0,7,exec_15,6,false,2328.0,3,p1_SOFTPLUS_VARIANCE,-1.4999573857404487
,MomentMatch,,FKL,false,,4.0,7,exec_15,7,false,4668.0,0,p0_MEAN,-0.37724716886866744
,MomentMatch,,FKL,false,,4.0,7,exec_15,7,false,4668.0,1,p0_SOFTPLUS_VARIANCE,-3.6445080641801475
,MomentMatch,,FKL,false,,4.0,7,exec_15,7,false,4668.0,2,p1_MEAN,3.1149824417562098
,MomentMatch,,FKL,false,,4.0,7,exec_15,7,false,4668.0,3,p1_SOFTPLUS_VARIANCE,-1.4230757136033618
,MomentMatch,,FKL,false,,4.0,7,exec_15,8,false,9360.0,0,p0_MEAN,-0.36837322211930534
,MomentMatch,,FKL,false,,4.0,7,exec_15,8,false,9360.0,1,p0_SOFTPLUS_VARIANCE,-3.598421335748742
,MomentMatch,,FKL,false,,4.0,7,exec_15,8,false,9360.0,2,p1_MEAN,3.1367133354373817
,MomentMatch,,FKL,false,,4.0,7,exec_15,8,false,9360.0,3,p1_SOFTPLUS_VARIANCE,-1.317804089078251
,MomentMatch,,FKL,false,,4.0,7,exec_15,9,false,18732.0,0,p0_MEAN,-0.3625230333047468
,MomentMatch,,FKL,false,,4.0,7,exec_15,9,false,18732.0,1,p0_SOFTPLUS_VARIANCE,-3.540203273846401
,MomentMatch,,FKL,false,,4.0,7,exec_15,9,false,18732.0,2,p1_MEAN,3.151472620057877
,MomentMatch,,FKL,false,,4.0,7,exec_15,9,false,18732.0,3,p1_SOFTPLUS_VARIANCE,-1.21798286572102
,MomentMatch,,FKL,false,,4.0,7,exec_15,10,false,37488.0,0,p0_MEAN,-0.3633193138319434
,MomentMatch,,FKL,false,,4.0,7,exec_15,10,false,37488.0,1,p0_SOFTPLUS_VARIANCE,-3.6412803291645655
,MomentMatch,,FKL,false,,4.0,7,exec_15,10,false,37488.0,2,p1_MEAN,3.146892614770078
,MomentMatch,,FKL,false,,4.0,7,exec_15,10,false,37488.0,3,p1_SOFTPLUS_VARIANCE,-1.3490159481805564
,MomentMatch,,FKL,false,,4.0,7,exec_15,11,false,75000.0,0,p0_MEAN,-0.3692535112488938
,MomentMatch,,FKL,false,,4.0,7,exec_15,11,false,75000.0,1,p0_SOFTPLUS_VARIANCE,-3.6246673034678363
,MomentMatch,,FKL,false,,4.0,7,exec_15,11,false,75000.0,2,p1_MEAN,3.130334752298874
,MomentMatch,,FKL,false,,4.0,7,exec_15,11,false,75000.0,3,p1_SOFTPLUS_VARIANCE,-1.3078891351656767
,MomentMatch,,FKL,false,,4.0,7,exec_15,12,true,150012.0,0,p0_MEAN,-0.36352783397462685
,MomentMatch,,FKL,false,,4.0,7,exec_15,12,true,150012.0,1,p0_SOFTPLUS_VARIANCE,-3.6044731775433823
,MomentMatch,,FKL,false,,4.0,7,exec_15,12,true,150012.0,2,p1_MEAN,3.1474720477010982
,MomentMatch,,FKL,false,,4.0,7,exec_15,12,true,150012.0,3,p1_SOFTPLUS_VARIANCE,-1.2728612994358703
,MomentMatch,,FKL,false,,4.0,7,exec_15,13,false,300012.0,0,p0_MEAN,-0.36798272405541765
,MomentMatch,,FKL,false,,4.0,7,exec_15,13,false,300012.0,1,p0_SOFTPLUS_VARIANCE,-3.6399659728676865
,MomentMatch,,FKL,false,,4.0,7,exec_15,13,false,300012.0,2,p1_MEAN,3.140412435709411
,MomentMatch,,FKL,false,,4.0,7,exec_15,13,false,300012.0,3,p1_SOFTPLUS_VARIANCE,-1.3157838174395835
,MomentMatch,,FKL,false,,4.0,10,exec_16,2,false,132.0,0,p0_MEAN,-0.3274047720278695
,MomentMatch,,FKL,false,,4.0,10,exec_16,2,false,132.0,1,p0_SOFTPLUS_VARIANCE,-3.910064093678935
,MomentMatch,,FKL,false,,4.0,10,exec_16,2,false,132.0,2,p1_MEAN,3.1360470144211625
,MomentMatch,,FKL,false,,4.0,10,exec_16,2,false,132.0,3,p1_SOFTPLUS_VARIANCE,-1.9694332872776978
,MomentMatch,,FKL,false,,4.0,10,exec_16,3,false,276.0,0,p0_MEAN,-0.28752212349281786
,MomentMatch,,FKL,false,,4.0,10,exec_16,3,false,276.0,1,p0_SOFTPLUS_VARIANCE,-4.752202477784072
,MomentMatch,,FKL,false,,4.0,10,exec_16,3,false,276.0,2,p1_MEAN,3.3323647863602415
,MomentMatch,,FKL,false,,4.0,10,exec_16,3,false,276.0,3,p1_SOFTPLUS_VARIANCE,-2.0791328349970146
,MomentMatch,,FKL,false,,4.0,10,exec_16,4,false,564.0,0,p0_MEAN,-0.41709738349031
,MomentMatch,,FKL,false,,4.0,10,exec_16,4,false,564.0,1,p0_SOFTPLUS_VARIANCE,-3.435724253348963
,MomentMatch,,FKL,false,,4.0,10,exec_16,4,false,564.0,2,p1_MEAN,2.9533744995805136
,MomentMatch,,FKL,false,,4.0,10,exec_16,4,false,564.0,3,p1_SOFTPLUS_VARIANCE,-0.9979004920777461
,MomentMatch,,FKL,false,,4.0,10,exec_16,5,false,1152.0,0,p0_MEAN,-0.33726060186137796
,MomentMatch,,FKL,false,,4.0,10,exec_16,5,false,1152.0,1,p0_SOFTPLUS_VARIANCE,-3.9638971850354685
,MomentMatch,,FKL,false,,4.0,10,exec_16,5,false,1152.0,2,p1_MEAN,3.1811544879286204
,MomentMatch,,FKL,false,,4.0,10,exec_16,5,false,1152.0,3,p1_SOFTPLUS_VARIANCE,-1.6166252326526132
,MomentMatch,,FKL,false,,4.0,10,exec_16,6,false,2328.0,0,p0_MEAN,-0.37955069111652057
,MomentMatch,,FKL,false,,4.0,10,exec_16,6,false,2328.0,1,p0_SOFTPLUS_VARIANCE,-3.682040314774928
,MomentMatch,,FKL,false,,4.0,10,exec_16,6,false,2328.0,2,p1_MEAN,3.0806283882622623
,MomentMatch,,FKL,false,,4.0,10,exec_16,6,false,2328.0,3,p1_SOFTPLUS_VARIANCE,-1.357121388432478
,MomentMatch,,FKL,false,,4.0,10,exec_16,7,false,4668.0,0,p0_MEAN,-0.37160307271280096
,MomentMatch,,FKL,false,,4.0,10,exec_16,7,false,4668.0,1,p0_SOFTPLUS_VARIANCE,-3.6796762327470027
,MomentMatch,,FKL,false,,4.0,10,exec_16,7,false,4668.0,2,p1_MEAN,3.1405959009387305
,MomentMatch,,FKL,false,,4.0,10,exec_16,7,false,4668.0,3,p1_SOFTPLUS_VARIANCE,-1.3535427618860776
,MomentMatch,,FKL,false,,4.0,10,exec_16,8,false,9360.0,0,p0_MEAN,-0.37309439655149923
,MomentMatch,,FKL,false,,4.0,10,exec_16,8,false,9360.0,1,p0_SOFTPLUS_VARIANCE,-3.6073132907400036
,MomentMatch,,FKL,false,,4.0,10,exec_16,8,false,9360.0,2,p1_MEAN,3.113370516532095
,MomentMatch,,FKL,false,,4.0,10,exec_16,8,false,9360.0,3,p1_SOFTPLUS_VARIANCE,-1.328194928657145
,MomentMatch,,FKL,false,,4.0,10,exec_16,9,false,18732.0,0,p0_MEAN,-0.36287049655466547
,MomentMatch,,FKL,false,,4.0,10,exec_16,9,false,18732.0,1,p0_SOFTPLUS_VARIANCE,-3.6279160092464453
,MomentMatch,,FKL,false,,4.0,10,exec_16,9,false,18732.0,2,p1_MEAN,3.1438585866565028
,MomentMatch,,FKL,false,,4.0,10,exec_16,9,false,18732.0,3,p1_SOFTPLUS_VARIANCE,-1.350133646179762
,MomentMatch,,FKL,false,,4.0,10,exec_16,10,false,37488.0,0,p0_MEAN,-0.37658362109791793
,MomentMatch,,FKL,false,,4.0,10,exec_16,10,false,37488.0,1,p0_SOFTPLUS_VARIANCE,-3.5930818191863607
,MomentMatch,,FKL,false,,4.0,10,exec_16,10,false,37488.0,2,p1_MEAN,3.1079839447557642
,MomentMatch,,FKL,false,,4.0,10,exec_16,10,false,37488.0,3,p1_SOFTPLUS_VARIANCE,-1.286478742605895
,MomentMatch,,FKL,false,,4.0,10,exec_16,11,false,75000.0,0,p0_MEAN,-0.378561158284845
,MomentMatch,,FKL,false,,4.0,10,exec_16,11,false,75000.0,1,p0_SOFTPLUS_VARIANCE,-3.6425010500111
,MomentMatch,,FKL,false,,4.0,10,exec_16,11,false,75000.0,2,p1_MEAN,3.116100319917697
,MomentMatch,,FKL,false,,4.0,10,exec_16,11,false,75000.0,3,p1_SOFTPLUS_VARIANCE,-1.3279109284747863
,MomentMatch,,FKL,false,,4.0,10,exec_16,12,true,150012.0,0,p0_MEAN,-0.37070357263256976
,MomentMatch,,FKL,false,,4.0,10,exec_16,12,true,150012.0,1,p0_SOFTPLUS_VARIANCE,-3.6394588169133866
,MomentMatch,,FKL,false,,4.0,10,exec_16,12,true,150012.0,2,p1_MEAN,3.127001964206275
,MomentMatch,,FKL,false,,4.0,10,exec_16,12,true,150012.0,3,p1_SOFTPLUS_VARIANCE,-1.3044969615036988
,MomentMatch,,FKL,false,,4.0,10,exec_16,13,false,300012.0,0,p0_MEAN,-0.3676496878614818
,MomentMatch,,FKL,false,,4.0,10,exec_16,13,false,300012.0,1,p0_SOFTPLUS_VARIANCE,-3.622132991322447
,MomentMatch,,FKL,false,,4.0,10,exec_16,13,false,300012.0,2,p1_MEAN,3.133514469716851
,MomentMatch,,FKL,false,,4.0,10,exec_16,13,false,300012.0,3,p1_SOFTPLUS_VARIANCE,-1.2983687037644316
,MomentMatch,,FKL,false,,4.0,5,exec_17,2,false,132.0,0,p0_MEAN,-0.3609695880285151
,MomentMatch,,FKL,false,,4.0,5,exec_17,2,false,132.0,1,p0_SOFTPLUS_VARIANCE,-4.196631095277521
,MomentMatch,,FKL,false,,4.0,5,exec_17,2,false,132.0,2,p1_MEAN,3.2752691930325324
,MomentMatch,,FKL,false,,4.0,5,exec_17,2,false,132.0,3,p1_SOFTPLUS_VARIANCE,-1.9611277058799503
,MomentMatch,,FKL,false,,4.0,5,exec_17,3,false,276.0,0,p0_MEAN,-0.3606066709025178
,MomentMatch,,FKL,false,,4.0,5,exec_17,3,false,276.0,1,p0_SOFTPLUS_VARIANCE,-3.832857384084245
,MomentMatch,,FKL,false,,4.0,5,exec_17,3,false,276.0,2,p1_MEAN,3.194657648869303
,MomentMatch,,FKL,false,,4.0,5,exec_17,3,false,276.0,3,p1_SOFTPLUS_VARIANCE,-1.708015441210806
,MomentMatch,,FKL,false,,4.0,5,exec_17,4,false,564.0,0,p0_MEAN,-0.3418187032355898
,MomentMatch,,FKL,false,,4.0,5,exec_17,4,false,564.0,1,p0_SOFTPLUS_VARIANCE,-3.8263441629598463
,MomentMatch,,FKL,false,,4.0,5,exec_17,4,false,564.0,2,p1_MEAN,3.171822232784201
,MomentMatch,,FKL,false,,4.0,5,exec_17,4,false,564.0,3,p1_SOFTPLUS_VARIANCE,-1.6529889735788834
,MomentMatch,,FKL,false,,4.0,5,exec_17,5,false,1152.0,0,p0_MEAN,-0.36158024622831675
,MomentMatch,,FKL,false,,4.0,5,exec_17,5,false,1152.0,1,p0_SOFTPLUS_VARIANCE,-3.539394775483203
,MomentMatch,,FKL,false,,4.0,5,exec_17,5,false,1152.0,2,p1_MEAN,3.110358543914818
,MomentMatch,,FKL,false,,4.0,5,exec_17,5,false,1152.0,3,p1_SOFTPLUS_VARIANCE,-1.236397434128297
,MomentMatch,,FKL,false,,4.0,5,exec_17,6,false,2328.0,0,p0_MEAN,-0.3288315477253073
,MomentMatch,,FKL,false,,4.0,5,exec_17,6,false,2328.0,1,p0_SOFTPLUS_VARIANCE,-3.703796434285533
,MomentMatch,,FKL,false,,4.0,5,exec_17,6,false,2328.0,2,p1_MEAN,3.2358957209399066
,MomentMatch,,FKL,false,,4.0,5,exec_17,6,false,2328.0,3,p1_SOFTPLUS_VARIANCE,-1.307896582167688
,MomentMatch,,FKL,false,,4.0,5,exec_17,7,false,4668.0,0,p0_MEAN,-0.3665207690378484
,MomentMatch,,FKL,false,,4.0,5,exec_17,7,false,4668.0,1,p0_SOFTPLUS_VARIANCE,-3.7066624026167525
,MomentMatch,,FKL,false,,4.0,5,exec_17,7,false,4668.0,2,p1_MEAN,3.136480842895406
,MomentMatch,,FKL,false,,4.0,5,exec_17,7,false,4668.0,3,p1_SOFTPLUS_VARIANCE,-1.2889347548934778
,MomentMatch,,FKL,false,,4.0,5,exec_17,8,false,9360.0,0,p0_MEAN,-0.37623066834825325
,MomentMatch,,FKL,false,,4.0,5,exec_17,8,false,9360.0,1,p0_SOFTPLUS_VARIANCE,-3.5605550275113775
,MomentMatch,,FKL,false,,4.0,5,exec_17,8,false,9360.0,2,p1_MEAN,3.109763886176903
,MomentMatch,,FKL,false,,4.0,5,exec_17,8,false,9360.0,3,p1_SOFTPLUS_VARIANCE,-1.2749454205206325
,MomentMatch,,FKL,false,,4.0,5,exec_17,9,false,18732.0,0,p0_MEAN,-0.3687355503614496
,MomentMatch,,FKL,false,,4.0,5,exec_17,9,false,18732.0,1,p0_SOFTPLUS_VARIANCE,-3.699512431231125
,MomentMatch,,FKL,false,,4.0,5,exec_17,9,false,18732.0,2,p1_MEAN,3.127397342143076
,MomentMatch,,FKL,false,,4.0,5,exec_17,9,false,18732.0,3,p1_SOFTPLUS_VARIANCE,-1.4304671644927869
,MomentMatch,,FKL,false,,4.0,5,exec_17,10,false,37488.0,0,p0_MEAN,-0.37377639244352895
,MomentMatch,,FKL,false,,4.0,5,exec_17,10,false,37488.0,1,p0_SOFTPLUS_VARIANCE,-3.601096334790982
,MomentMatch,,FKL,false,,4.0,5,exec_17,10,false,37488.0,2,p1_MEAN,3.116445084120817
,MomentMatch,,FKL,false,,4.0,5,exec_17,10,false,37488.0,3,p1_SOFTPLUS_VARIANCE,-1.2985573108036694
,MomentMatch,,FKL,false,,4.0,5,exec_17,11,false,75000.0,0,p0_MEAN,-0.3714986935080345
,MomentMatch,,FKL,false,,4.0,5,exec_17,11,false,75000.0,1,p0_SOFTPLUS_VARIANCE,-3.624296787247153
,MomentMatch,,FKL,false,,4.0,5,exec_17,11,false,75000.0,2,p1_MEAN,3.119205389933988
,MomentMatch,,FKL,false,,4.0,5,exec_17,11,false,75000.0,3,p1_SOFTPLUS_VARIANCE,-1.3212605758304243
,MomentMatch,,FKL,false,,4.0,5,exec_17,12,true,150012.0,0,p0_MEAN,-0.3659318396884725
,MomentMatch,,FKL,false,,4.0,5,exec_17,12,true,150012.0,1,p0_SOFTPLUS_VARIANCE,-3.613241805774273
,MomentMatch,,FKL,false,,4.0,5,exec_17,12,true,150012.0,2,p1_MEAN,3.144768904632016
,MomentMatch,,FKL,false,,4.0,5,exec_17,12,true,150012.0,3,p1_SOFTPLUS_VARIANCE,-1.2946652041893412
,MomentMatch,,FKL,false,,4.0,5,exec_17,13,false,300012.0,0,p0_MEAN,-0.36795232821964824
,MomentMatch,,FKL,false,,4.0,5,exec_17,13,false,300012.0,1,p0_SOFTPLUS_VARIANCE,-3.621252537998113
,MomentMatch,,FKL,false,,4.0,5,exec_17,13,false,300012.0,2,p1_MEAN,3.138311799065701
,MomentMatch,,FKL,false,,4.0,5,exec_17,13,false,300012.0,3,p1_SOFTPLUS_VARIANCE,-1.3133138675591132
,MomentMatch,,FKL,false,,4.0,8,exec_18,2,false,132.0,0,p0_MEAN,-0.3610486721719461
,MomentMatch,,FKL,false,,4.0,8,exec_18,2,false,132.0,1,p0_SOFTPLUS_VARIANCE,-4.636313304427787
,MomentMatch,,FKL,false,,4.0,8,exec_18,2,false,132.0,2,p1_MEAN,3.1652971356190998
,MomentMatch,,FKL,false,,4.0,8,exec_18,2,false,132.0,3,p1_SOFTPLUS_VARIANCE,-1.628205498172752
,MomentMatch,,FKL,false,,4.0,8,exec_18,3,false,276.0,0,p0_MEAN,-0.3604836157795484
,MomentMatch,,FKL,false,,4.0,8,exec_18,3,false,276.0,1,p0_SOFTPLUS_VARIANCE,-3.5153590301833595
,MomentMatch,,FKL,false,,4.0,8,exec_18,3,false,276.0,2,p1_MEAN,3.1051168728514202
,MomentMatch,,FKL,false,,4.0,8,exec_18,3,false,276.0,3,p1_SOFTPLUS_VARIANCE,-1.0756373837021664
,MomentMatch,,FKL,false,,4.0,8,exec_18,4,false,564.0,0,p0_MEAN,-0.37633034902575524
,MomentMatch,,FKL,false,,4.0,8,exec_18,4,false,564.0,1,p0_SOFTPLUS_VARIANCE,-3.88727961132723
,MomentMatch,,FKL,false,,4.0,8,exec_18,4,false,564.0,2,p1_MEAN,3.1932858906562065
,MomentMatch,,FKL,false,,4.0,8,exec_18,4,false,564.0,3,p1_SOFTPLUS_VARIANCE,-1.2685416667203127
,MomentMatch,,FKL,false,,4.0,8,exec_18,5,false,1152.0,0,p0_MEAN,-0.3808823180678227
,MomentMatch,,FKL,false,,4.0,8,exec_18,5,false,1152.0,1,p0_SOFTPLUS_VARIANCE,-3.7297653977352723
,MomentMatch,,FKL,false,,4.0,8,exec_18,5,false,1152.0,2,p1_MEAN,3.100594898867432
,MomentMatch,,FKL,false,,4.0,8,exec_18,5,false,1152.0,3,p1_SOFTPLUS_VARIANCE,-1.440910656069724
,MomentMatch,,FKL,false,,4.0,8,exec_18,6,false,2328.0,0,p0_MEAN,-0.38182643984507125
,MomentMatch,,FKL,false,,4.0,8,exec_18,6,false,2328.0,1,p0_SOFTPLUS_VARIANCE,-3.627730139722553
,MomentMatch,,FKL,false,,4.0,8,exec_18,6,false,2328.0,2,p1_MEAN,3.114653260315271
,MomentMatch,,FKL,false,,4.0,8,exec_18,6,false,2328.0,3,p1_SOFTPLUS_VARIANCE,-1.3578529346165882
,MomentMatch,,FKL,false,,4.0,8,exec_18,7,false,4668.0,0,p0_MEAN,-0.3883217369680561
,MomentMatch,,FKL,false,,4.0,8,exec_18,7,false,4668.0,1,p0_SOFTPLUS_VARIANCE,-3.6220463903981166
,MomentMatch,,FKL,false,,4.0,8,exec_18,7,false,4668.0,2,p1_MEAN,3.088651351355619
,MomentMatch,,FKL,false,,4.0,8,exec_18,7,false,4668.0,3,p1_SOFTPLUS_VARIANCE,-1.3011340324854659
,MomentMatch,,FKL,false,,4.0,8,exec_18,8,false,9360.0,0,p0_MEAN,-0.3625367875144918
,MomentMatch,,FKL,false,,4.0,8,exec_18,8,false,9360.0,1,p0_SOFTPLUS_VARIANCE,-3.5029737464923114
,MomentMatch,,FKL,false,,4.0,8,exec_18,8,false,9360.0,2,p1_MEAN,3.1450582442344395
,MomentMatch,,FKL,false,,4.0,8,exec_18,8,false,9360.0,3,p1_SOFTPLUS_VARIANCE,-1.1904851241876133
,MomentMatch,,FKL,false,,4.0,8,exec_18,9,false,18732.0,0,p0_MEAN,-0.3678514671828973
,MomentMatch,,FKL,false,,4.0,8,exec_18,9,false,18732.0,1,p0_SOFTPLUS_VARIANCE,-3.638646654380735
,MomentMatch,,FKL,false,,4.0,8,exec_18,9,false,18732.0,2,p1_MEAN,3.131579215588786
,MomentMatch,,FKL,false,,4.0,8,exec_18,9,false,18732.0,3,p1_SOFTPLUS_VARIANCE,-1.3026323330106055
,MomentMatch,,FKL,false,,4.0,8,exec_18,10,false,37488.0,0,p0_MEAN,-0.36417974480999915
,MomentMatch,,FKL,false,,4.0,8,exec_18,10,false,37488.0,1,p0_SOFTPLUS_VARIANCE,-3.6251978246877394
,MomentMatch,,FKL,false,,4.0,8,exec_18,10,false,37488.0,2,p1_MEAN,3.138135375871764
,MomentMatch,,FKL,false,,4.0,8,exec_18,10,false,37488.0,3,p1_SOFTPLUS_VARIANCE,-1.3067253053092975
,MomentMatch,,FKL,false,,4.0,8,exec_18,11,false,75000.0,0,p0_MEAN,-0.37154927822428535
,MomentMatch,,FKL,false,,4.0,8,exec_18,11,false,75000.0,1,p0_SOFTPLUS_VARIANCE,-3.6425738635176588
,MomentMatch,,FKL,false,,4.0,8,exec_18,11,false,75000.0,2,p1_MEAN,3.127748980803344
,MomentMatch,,FKL,false,,4.0,8,exec_18,11,false,75000.0,3,p1_SOFTPLUS_VARIANCE,-1.3326886384158194
,MomentMatch,,FKL,false,,4.0,8,exec_18,12,true,150012.0,0,p0_MEAN,-0.3662540127427471
,MomentMatch,,FKL,false,,4.0,8,exec_18,12,true,150012.0,1,p0_SOFTPLUS_VARIANCE,-3.6218366376260285
,MomentMatch,,FKL,false,,4.0,8,exec_18,12,true,150012.0,2,p1_MEAN,3.138764594481424
,MomentMatch,,FKL,false,,4.0,8,exec_18,12,true,150012.0,3,p1_SOFTPLUS_VARIANCE,-1.2996112751598836
,MomentMatch,,FKL,false,,4.0,8,exec_18,13,false,300012.0,0,p0_MEAN,-0.3669008004088337
,MomentMatch,,FKL,false,,4.0,8,exec_18,13,false,300012.0,1,p0_SOFTPLUS_VARIANCE,-3.6284701899790535
,MomentMatch,,FKL,false,,4.0,8,exec_18,13,false,300012.0,2,p1_MEAN,3.139442439319621
,MomentMatch,,FKL,false,,4.0,8,exec_18,13,false,300012.0,3,p1_SOFTPLUS_VARIANCE,-1.2964963909851817
,MomentMatch,,FKL,false,,4.0,6,exec_19,2,false,132.0,0,p0_MEAN,-0.3667703789832839
,MomentMatch,,FKL,false,,4.0,6,exec_19,2,false,132.0,1,p0_SOFTPLUS_VARIANCE,-4.133893698495064
,MomentMatch,,FKL,false,,4.0,6,exec_19,2,false,132.0,2,p1_MEAN,3.0637325860184745
,MomentMatch,,FKL,false,,4.0,6,exec_19,2,false,132.0,3,p1_SOFTPLUS_VARIANCE,-2.427196120544276
,MomentMatch,,FKL,false,,4.0,6,exec_19,3,false,276.0,0,p0_MEAN,-0.4744980031417505
,MomentMatch,,FKL,false,,4.0,6,exec_19,3,false,276.0,1,p0_SOFTPLUS_VARIANCE,-3.8151800061342445
,MomentMatch,,FKL,false,,4.0,6,exec_19,3,false,276.0,2,p1_MEAN,2.8149903652246864
,MomentMatch,,FKL,false,,4.0,6,exec_19,3,false,276.0,3,p1_SOFTPLUS_VARIANCE,-1.5746651802013685
,MomentMatch,,FKL,false,,4.0,6,exec_19,4,false,564.0,0,p0_MEAN,-0.3704562596937662
,MomentMatch,,FKL,false,,4.0,6,exec_19,4,false,564.0,1,p0_SOFTPLUS_VARIANCE,-3.8275844963385417
,MomentMatch,,FKL,false,,4.0,6,exec_19,4,false,564.0,2,p1_MEAN,3.1599207401227396
,MomentMatch,,FKL,false,,4.0,6,exec_19,4,false,564.0,3,p1_SOFTPLUS_VARIANCE,-1.012125692017951
,MomentMatch,,FKL,false,,4.0,6,exec_19,5,false,1152.0,0,p0_MEAN,-0.3493107045737198
,MomentMatch,,FKL,false,,4.0,6,exec_19,5,false,1152.0,1,p0_SOFTPLUS_VARIANCE,-3.3668853954661038
,MomentMatch,,FKL,false,,4.0,6,exec_19,5,false,1152.0,2,p1_MEAN,3.191823314239454
,MomentMatch,,FKL,false,,4.0,6,exec_19,5,false,1152.0,3,p1_SOFTPLUS_VARIANCE,-1.0356937432001552
,MomentMatch,,FKL,false,,4.0,6,exec_19,6,false,2328.0,0,p0_MEAN,-0.37821092072690976
,MomentMatch,,FKL,false,,4.0,6,exec_19,6,false,2328.0,1,p0_SOFTPLUS_VARIANCE,-3.67196103528073
,MomentMatch,,FKL,false,,4.0,6,exec_19,6,false,2328.0,2,p1_MEAN,3.074638560781746
,MomentMatch,,FKL,false,,4.0,6,exec_19,6,false,2328.0,3,p1_SOFTPLUS_VARIANCE,-1.335461707063467
,MomentMatch,,FKL,false,,4.0,6,exec_19,7,false,4668.0,0,p0_MEAN,-0.3624768345646572
,MomentMatch,,FKL,false,,4.0,6,exec_19,7,false,4668.0,1,p0_SOFTPLUS_VARIANCE,-3.695241704157109
,MomentMatch,,FKL,false,,4.0,6,exec_19,7,false,4668.0,2,p1_MEAN,3.1617952549097246
,MomentMatch,,FKL,false,,4.0,6,exec_19,7,false,4668.0,3,p1_SOFTPLUS_VARIANCE,-1.3446265953665797
,MomentMatch,,FKL,false,,4.0,6,exec_19,8,false,9360.0,0,p0_MEAN,-0.3731207435036388
,MomentMatch,,FKL,false,,4.0,6,exec_19,8,false,9360.0,1,p0_SOFTPLUS_VARIANCE,-3.500033159355059
,MomentMatch,,FKL,false,,4.0,6,exec_19,8,false,9360.0,2,p1_MEAN,3.118692944140567
,MomentMatch,,FKL,false,,4.0,6,exec_19,8,false,9360.0,3,p1_SOFTPLUS_VARIANCE,-1.1899691358896147
,MomentMatch,,FKL,false,,4.0,6,exec_19,9,false,18732.0,0,p0_MEAN,-0.37005508226337797
,MomentMatch,,FKL,false,,4.0,6,exec_19,9,false,18732.0,1,p0_SOFTPLUS_VARIANCE,-3.589074653537271
,MomentMatch,,FKL,false,,4.0,6,exec_19,9,false,18732.0,2,p1_MEAN,3.1280457396432424
,MomentMatch,,FKL,false,,4.0,6,exec_19,9,false,18732.0,3,p1_SOFTPLUS_VARIANCE,-1.2677785062463647
,MomentMatch,,FKL,false,,4.0,6,exec_19,10,false,37488.0,0,p0_MEAN,-0.37512956987257573
,MomentMatch,,FKL,false,,4.0,6,exec_19,10,false,37488.0,1,p0_SOFTPLUS_VARIANCE,-3.6048080113553764
,MomentMatch,,FKL,false,,4.0,6,exec_19,10,false,37488.0,2,p1_MEAN,3.124169104541835
,MomentMatch,,FKL,false,,4.0,6,exec_19,10,false,37488.0,3,p1_SOFTPLUS_VARIANCE,-1.2720691104266912
,MomentMatch,,FKL,false,,4.0,6,exec_19,11,false,75000.0,0,p0_MEAN,-0.3708378081331502
,MomentMatch,,FKL,false,,4.0,6,exec_19,11,false,75000.0,1,p0_SOFTPLUS_VARIANCE,-3.657938073231413
,MomentMatch,,FKL,false,,4.0,6,exec_19,11,false,75000.0,2,p1_MEAN,3.132128731961198
,MomentMatch,,FKL,false,,4.0,6,exec_19,11,false,75000.0,3,p1_SOFTPLUS_VARIANCE,-1.344373608457224
,MomentMatch,,FKL,false,,4.0,6,exec_19,12,true,150012.0,0,p0_MEAN,-0.3698027485316334
,MomentMatch,,FKL,false,,4.0,6,exec_19,12,true,150012.0,1,p0_SOFTPLUS_VARIANCE,-3.605327069673043
,MomentMatch,,FKL,false,,4.0,6,exec_19,12,true,150012.0,2,p1_MEAN,3.128107534679792
,MomentMatch,,FKL,false,,4.0,6,exec_19,12,true,150012.0,3,p1_SOFTPLUS_VARIANCE,-1.282037688571193
,MomentMatch,,FKL,false,,4.0,6,exec_19,13,false,300012.0,0,p0_MEAN,-0.3678002947878425
,MomentMatch,,FKL,false,,4.0,6,exec_19,13,false,300012.0,1,p0_SOFTPLUS_VARIANCE,-3.6248569182899306
,MomentMatch,,FKL,false,,4.0,6,exec_19,13,false,300012.0,2,p1_MEAN,3.132486977740412
,MomentMatch,,FKL,false,,4.0,6,exec_19,13,false,300012.0,3,p1_SOFTPLUS_VARIANCE,-1.317283372747736
,MomentMatch,,FKL,true,,4.0,4,exec_2,1,false,120.0,0,p0_MEAN,-0.5104040051894759
,MomentMatch,,FKL,true,,4.0,4,exec_2,1,false,120.0,1,p0_SOFTPLUS_VARIANCE,-4.283654230076906
,MomentMatch,,FKL,true,,4.0,4,exec_2,1,false,120.0,2,p1_MEAN,2.869900861815859
,MomentMatch,,FKL,true,,4.0,4,exec_2,1,false,120.0,3,p1_SOFTPLUS_VARIANCE,-2.6766059117304994
,MomentMatch,,FKL,true,,4.0,4,exec_2,2,false,264.0,0,p0_MEAN,-0.41522898197526814
,MomentMatch,,FKL,true,,4.0,4,exec_2,2,false,264.0,1,p0_SOFTPLUS_VARIANCE,-5.006229509436601
,MomentMatch,,FKL,true,,4.0,4,exec_2,2,false,264.0,2,p1_MEAN,2.9763736445394557
,MomentMatch,,FKL,true,,4.0,4,exec_2,2,false,264.0,3,p1_SOFTPLUS_VARIANCE,-2.8824181705174623
,MomentMatch,,FKL,true,,4.0,4,exec_2,3,false,552.0,0,p0_MEAN,-0.3827618387059147
,MomentMatch,,FKL,true,,4.0,4,exec_2,3,false,552.0,1,p0_SOFTPLUS_VARIANCE,-3.5358772566244685
,MomentMatch,,FKL,true,,4.0,4,exec_2,3,false,552.0,2,p1_MEAN,2.9821941992809524
,MomentMatch,,FKL,true,,4.0,4,exec_2,3,false,552.0,3,p1_SOFTPLUS_VARIANCE,-1.5943300071188535
,MomentMatch,,FKL,true,,4.0,4,exec_2,4,false,1128.0,0,p0_MEAN,-0.3581101989902416
,MomentMatch,,FKL,true,,4.0,4,exec_2,4,false,1128.0,1,p0_SOFTPLUS_VARIANCE,-3.7831172780950877
,MomentMatch,,FKL,true,,4.0,4,exec_2,4,false,1128.0,2,p1_MEAN,3.159293753675318
,MomentMatch,,FKL,true,,4.0,4,exec_2,4,false,1128.0,3,p1_SOFTPLUS_VARIANCE,-1.3894271324448235
,MomentMatch,,FKL,true,,4.0,4,exec_2,5,false,2304.0,0,p0_MEAN,-0.3691214677042795
,MomentMatch,,FKL,true,,4.0,4,exec_2,5,false,2304.0,1,p0_SOFTPLUS_VARIANCE,-3.558619919962023
,MomentMatch,,FKL,true,,4.0,4,exec_2,5,false,2304.0,2,p1_MEAN,3.1634814659166945
,MomentMatch,,FKL,true,,4.0,4,exec_2,5,false,2304.0,3,p1_SOFTPLUS_VARIANCE,-1.0513733477394962
,MomentMatch,,FKL,true,,4.0,4,exec_2,6,false,4656.0,0,p0_MEAN,-0.3838856349348439
,MomentMatch,,FKL,true,,4.0,4,exec_2,6,false,4656.0,1,p0_SOFTPLUS_VARIANCE,-3.5502484096880482
,MomentMatch,,FKL,true,,4.0,4,exec_2,6,false,4656.0,2,p1_MEAN,3.0919291496745602
,MomentMatch,,FKL,true,,4.0,4,exec_2,6,false,4656.0,3,p1_SOFTPLUS_VARIANCE,-1.281440621466874
,MomentMatch,,FKL,true,,4.0,4,exec_2,7,false,9336.0,0,p0_MEAN,-0.35452977894178583
,MomentMatch,,FKL,true,,4.0,4,exec_2,7,false,9336.0,1,p0_SOFTPLUS_VARIANCE,-3.5137138323245156
,MomentMatch,,FKL,true,,4.0,4,exec_2,7,false,9336.0,2,p1_MEAN,3.1774062816669657
,MomentMatch,,FKL,true,,4.0,4,exec_2,7,false,9336.0,3,p1_SOFTPLUS_VARIANCE,-1.187474470639981
,MomentMatch,,FKL,true,,4.0,4,exec_2,8,false,18720.0,0,p0_MEAN,-0.3758080296355355
,MomentMatch,,FKL,true,,4.0,4,exec_2,8,false,18720.0,1,p0_SOFTPLUS_VARIANCE,-3.654893206712331
,MomentMatch,,FKL,true,,4.0,4,exec_2,8,false,18720.0,2,p1_MEAN,3.1054116073624174
,MomentMatch,,FKL,true,,4.0,4,exec_2,8,false,18720.0,3,p1_SOFTPLUS_VARIANCE,-1.3358694680363674
,MomentMatch,,FKL,true,,4.0,4,exec_2,9,false,37464.0,0,p0_MEAN,-0.3576215342481536
,MomentMatch,,FKL,true,,4.0,4,exec_2,9,false,37464.0,1,p0_SOFTPLUS_VARIANCE,-3.5977070115542213
,MomentMatch,,FKL,true,,4.0,4,exec_2,9,false,37464.0,2,p1_MEAN,3.1674464079712936
,MomentMatch,,FKL,true,,4.0,4,exec_2,9,false,37464.0,3,p1_SOFTPLUS_VARIANCE,-1.2950186128953274
,MomentMatch,,FKL,true,,4.0,4,exec_2,10,false,74976.0,0,p0_MEAN,-0.37275279351307905
,MomentMatch,,FKL,true,,4.0,4,exec_2,10,false,74976.0,1,p0_SOFTPLUS_VARIANCE,-3.613579379029833
,MomentMatch,,FKL,true,,4.0,4,exec_2,10,false,74976.0,2,p1_MEAN,3.1132966258525303
,MomentMatch,,FKL,true,,4.0,4,exec_2,10,false,74976.0,3,p1_SOFTPLUS_VARIANCE,-1.3079443201707706
,MomentMatch,,FKL,true,,4.0,4,exec_2,11,false,150000.0,0,p0_MEAN,-0.3617798133040163
,MomentMatch,,FKL,true,,4.0,4,exec_2,11,false,150000.0,1,p0_SOFTPLUS_VARIANCE,-3.6213740398479985
,MomentMatch,,FKL,true,,4.0,4,exec_2,11,false,150000.0,2,p1_MEAN,3.149463171176676
,MomentMatch,,FKL,true,,4.0,4,exec_2,11,false,150000.0,3,p1_SOFTPLUS_VARIANCE,-1.2900692131011915
,MomentMatch,,FKL,true,,4.0,4,exec_2,12,true,300024.0,0,p0_MEAN,-0.36938070312274757
,MomentMatch,,FKL,true,,4.0,4,exec_2,12,true,300024.0,1,p0_SOFTPLUS_VARIANCE,-3.6406134107911505
,MomentMatch,,FKL,true,,4.0,4,exec_2,12,true,300024.0,2,p1_MEAN,3.1284864572949878
,MomentMatch,,FKL,true,,4.0,4,exec_2,12,true,300024.0,3,p1_SOFTPLUS_VARIANCE,-1.3263071866581946
,MomentMatch,,FKL,true,,4.0,4,exec_2,13,false,600024.0,0,p0_MEAN,-0.36890092904229854
,MomentMatch,,FKL,true,,4.0,4,exec_2,13,false,600024.0,1,p0_SOFTPLUS_VARIANCE,-3.6267826082890955
,MomentMatch,,FKL,true,,4.0,4,exec_2,13,false,600024.0,2,p1_MEAN,3.1320652581683057
,MomentMatch,,FKL,true,,4.0,4,exec_2,13,false,600024.0,3,p1_SOFTPLUS_VARIANCE,-1.3076750930819525
,MomentMatch,,FKL,false,,4.0,4,exec_20,2,false,132.0,0,p0_MEAN,-0.32673219762811256
,MomentMatch,,FKL,false,,4.0,4,exec_20,2,false,132.0,1,p0_SOFTPLUS_VARIANCE,-4.257533113100588
,MomentMatch,,FKL,false,,4.0,4,exec_20,2,false,132.0,2,p1_MEAN,3.2400523159842143
,MomentMatch,,FKL,false,,4.0,4,exec_20,2,false,132.0,3,p1_SOFTPLUS_VARIANCE,-1.7852697446403443
,MomentMatch,,FKL,false,,4.0,4,exec_20,3,false,276.0,0,p0_MEAN,-0.39818883599639676
,MomentMatch,,FKL,false,,4.0,4,exec_20,3,false,276.0,1,p0_SOFTPLUS_VARIANCE,-4.201566514587342
,MomentMatch,,FKL,false,,4.0,4,exec_20,3,false,276.0,2,p1_MEAN,3.06411220315105
,MomentMatch,,FKL,false,,4.0,4,exec_20,3,false,276.0,3,p1_SOFTPLUS_VARIANCE,-2.2616558979023655
,MomentMatch,,FKL,false,,4.0,4,exec_20,4,false,564.0,0,p0_MEAN,-0.38429643192015794
,MomentMatch,,FKL,false,,4.0,4,exec_20,4,false,564.0,1,p0_SOFTPLUS_VARIANCE,-3.696890623690199
,MomentMatch,,FKL,false,,4.0,4,exec_20,4,false,564.0,2,p1_MEAN,3.0761602994388735
,MomentMatch,,FKL,false,,4.0,4,exec_20,4,false,564.0,3,p1_SOFTPLUS_VARIANCE,-1.5187172729554186
,MomentMatch,,FKL,false,,4.0,4,exec_20,5,false,1152.0,0,p0_MEAN,-0.3780013514841767
,MomentMatch,,FKL,false,,4.0,4,exec_20,5,false,1152.0,1,p0_SOFTPLUS_VARIANCE,-3.895194633652794
,MomentMatch,,FKL,false,,4.0,4,exec_20,5,false,1152.0,2,p1_MEAN,3.0996799886084503
,MomentMatch,,FKL,false,,4.0,4,exec_20,5,false,1152.0,3,p1_SOFTPLUS_VARIANCE,-1.6919308004814708
,MomentMatch,,FKL,false,,4.0,4,exec_20,6,false,2328.0,0,p0_MEAN,-0.38134691636495416
,MomentMatch,,FKL,false,,4.0,4,exec_20,6,false,2328.0,1,p0_SOFTPLUS_VARIANCE,-3.822850667787694
,MomentMatch,,FKL,false,,4.0,4,exec_20,6,false,2328.0,2,p1_MEAN,3.105381050707742
,MomentMatch,,FKL,false,,4.0,4,exec_20,6,false,2328.0,3,p1_SOFTPLUS_VARIANCE,-1.6290680906385373
,MomentMatch,,FKL,false,,4.0,4,exec_20,7,false,4668.0,0,p0_MEAN,-0.3727363154167861
,MomentMatch,,FKL,false,,4.0,4,exec_20,7,false,4668.0,1,p0_SOFTPLUS_VARIANCE,-3.674905627487893
,MomentMatch,,FKL,false,,4.0,4,exec_20,7,false,4668.0,2,p1_MEAN,3.1253910256599102
,MomentMatch,,FKL,false,,4.0,4,exec_20,7,false,4668.0,3,p1_SOFTPLUS_VARIANCE,-1.4323019593497417
,MomentMatch,,FKL,false,,4.0,4,exec_20,8,false,9360.0,0,p0_MEAN,-0.3755547104279822
,MomentMatch,,FKL,false,,4.0,4,exec_20,8,false,9360.0,1,p0_SOFTPLUS_VARIANCE,-3.705138764251148
,MomentMatch,,FKL,false,,4.0,4,exec_20,8,false,9360.0,2,p1_MEAN,3.1142454243835096
,MomentMatch,,FKL,false,,4.0,4,exec_20,8,false,9360.0,3,p1_SOFTPLUS_VARIANCE,-1.3397000466057134
,MomentMatch,,FKL,false,,4.0,4,exec_20,9,false,18732.0,0,p0_MEAN,-0.3705807948609602
,MomentMatch,,FKL,false,,4.0,4,exec_20,9,false,18732.0,1,p0_SOFTPLUS_VARIANCE,-3.676242154468999
,MomentMatch,,FKL,false,,4.0,4,exec_20,9,false,18732.0,2,p1_MEAN,3.129792350652099
,MomentMatch,,FKL,false,,4.0,4,exec_20,9,false,18732.0,3,p1_SOFTPLUS_VARIANCE,-1.3224824321372086
,MomentMatch,,FKL,false,,4.0,4,exec_20,10,false,37488.0,0,p0_MEAN,-0.3752512640113094
,MomentMatch,,FKL,false,,4.0,4,exec_20,10,false,37488.0,1,p0_SOFTPLUS_VARIANCE,-3.5652177296846337
,MomentMatch,,FKL,false,,4.0,4,exec_20,10,false,37488.0,2,p1_MEAN,3.1168273588347506
,MomentMatch,,FKL,false,,4.0,4,exec_20,10,false,37488.0,3,p1_SOFTPLUS_VARIANCE,-1.2466384220264357
,MomentMatch,,FKL,false,,4.0,4,exec_20,11,false,75000.0,0,p0_MEAN,-0.37100587634118637
,MomentMatch,,FKL,false,,4.0,4,exec_20,11,false,75000.0,1,p0_SOFTPLUS_VARIANCE,-3.610928485196798
,MomentMatch,,FKL,false,,4.0,4,exec_20,11,false,75000.0,2,p1_MEAN,3.1272275248376564
,MomentMatch,,FKL,false,,4.0,4,exec_20,11,false,75000.0,3,p1_SOFTPLUS_VARIANCE,-1.2878972801724862
,MomentMatch,,FKL,false,,4.0,4,exec_20,12,true,150012.0,0,p0_MEAN,-0.3685442346928172
,MomentMatch,,FKL,false,,4.0,4,exec_20,12,true,150012.0,1,p0_SOFTPLUS_VARIANCE,-3.6249502488816896
,MomentMatch,,FKL,false,,4.0,4,exec_20,12,true,150012.0,2,p1_MEAN,3.13615321234424
,MomentMatch,,FKL,false,,4.0,4,exec_20,12,true,150012.0,3,p1_SOFTPLUS_VARIANCE,-1.3019348259400803
,MomentMatch,,FKL,false,,4.0,4,exec_20,13,false,300012.0,0,p0_MEAN,-0.36876773907866556
,MomentMatch,,FKL,false,,4.0,4,exec_20,13,false,300012.0,1,p0_SOFTPLUS_VARIANCE,-3.6351486198543745
,MomentMatch,,FKL,false,,4.0,4,exec_20,13,false,300012.0,2,p1_MEAN,3.130719472037831
,MomentMatch,,FKL,false,,4.0,4,exec_20,13,false,300012.0,3,p1_SOFTPLUS_VARIANCE,-1.3229358871785006
,MomentMatch,,FKL,true,,4.0,1,exec_3,1,false,120.0,0,p0_MEAN,-0.3988619722603007
,MomentMatch,,FKL,true,,4.0,1,exec_3,1,false,120.0,1,p0_SOFTPLUS_VARIANCE,-4.769194774125082
,MomentMatch,,FKL,true,,4.0,1,exec_3,1,false,120.0,2,p1_MEAN,3.163717380941429
,MomentMatch,,FKL,true,,4.0,1,exec_3,1,false,120.0,3,p1_SOFTPLUS_VARIANCE,-2.4221767170249517
,MomentMatch,,FKL,true,,4.0,1,exec_3,2,false,264.0,0,p0_MEAN,-0.40668114017556234
,MomentMatch,,FKL,true,,4.0,1,exec_3,2,false,264.0,1,p0_SOFTPLUS_VARIANCE,-4.402943191050802
,MomentMatch,,FKL,true,,4.0,1,exec_3,2,false,264.0,2,p1_MEAN,2.9986825397358845
,MomentMatch,,FKL,true,,4.0,1,exec_3,2,false,264.0,3,p1_SOFTPLUS_VARIANCE,-2.109136958826917
,MomentMatch,,FKL,true,,4.0,1,exec_3,3,false,552.0,0,p0_MEAN,-0.38681500715173545
,MomentMatch,,FKL,true,,4.0,1,exec_3,3,false,552.0,1,p0_SOFTPLUS_VARIANCE,-4.231438713787043
,MomentMatch,,FKL,true,,4.0,1,exec_3,3,false,552.0,2,p1_MEAN,3.1041434422440415
,MomentMatch,,FKL,true,,4.0,1,exec_3,3,false,552.0,3,p1_SOFTPLUS_VARIANCE,-2.3078447734248444
,MomentMatch,,FKL,true,,4.0,1,exec_3,4,false,1128.0,0,p0_MEAN,-0.36596415418104034
,MomentMatch,,FKL,true,,4.0,1,exec_3,4,false,1128.0,1,p0_SOFTPLUS_VARIANCE,-3.6316779704805597
,MomentMatch,,FKL,true,,4.0,1,exec_3,4,false,1128.0,2,p1_MEAN,3.10597181728008
,MomentMatch,,FKL,true,,4.0,1,exec_3,4,false,1128.0,3,p1_SOFTPLUS_VARIANCE,-1.6409468208438618
,MomentMatch,,FKL,true,,4.0,1,exec_3,5,false,2304.0,0,p0_MEAN,-0.34667107821476345
,MomentMatch,,FKL,true,,4.0,1,exec_3,5,false,2304.0,1,p0_SOFTPLUS_VARIANCE,-3.682881538136576
,MomentMatch,,FKL,true,,4.0,1,exec_3,5,false,2304.0,2,p1_MEAN,3.1990197256196757
,MomentMatch,,FKL,true,,4.0,1,exec_3,5,false,2304.0,3,p1_SOFTPLUS_VARIANCE,-1.435981268506223
,MomentMatch,,FKL,true,,4.0,1,exec_3,6,false,4656.0,0,p0_MEAN,-0.369051153426206
,MomentMatch,,FKL,true,,4.0,1,exec_3,6,false,4656.0,1,p0_SOFTPLUS_VARIANCE,-3.60356030562248
,MomentMatch,,FKL,true,,4.0,1,exec_3,6,false,4656.0,2,p1_MEAN,3.120538800423378
,MomentMatch,,FKL,true,,4.0,1,exec_3,6,false,4656.0,3,p1_SOFTPLUS_VARIANCE,-1.3246827069271354
,MomentMatch,,FKL,true,,4.0,1,exec_3,7,false,9336.0,0,p0_MEAN,-0.3578428461712594
,MomentMatch,,FKL,true,,4.0,1,exec_3,7,false,9336.0,1,p0_SOFTPLUS_VARIANCE,-3.537988709305514
,MomentMatch,,FKL,true,,4.0,1,exec_3,7,false,9336.0,2,p1_MEAN,3.1691779205465673
,MomentMatch,,FKL,true,,4.0,1,exec_3,7,false,9336.0,3,p1_SOFTPLUS_VARIANCE,-1.076691710030295
,MomentMatch,,FKL,true,,4.0,1,exec_3,8,false,18720.0,0,p0_MEAN,-0.3804224409863123
,MomentMatch,,FKL,true,,4.0,1,exec_3,8,false,18720.0,1,p0_SOFTPLUS_VARIANCE,-3.6269674129637948
,MomentMatch,,FKL,true,,4.0,1,exec_3,8,false,18720.0,2,p1_MEAN,3.105338169912194
,MomentMatch,,FKL,true,,4.0,1,exec_3,8,false,18720.0,3,p1_SOFTPLUS_VARIANCE,-1.2909117232585958
,MomentMatch,,FKL,true,,4.0,1,exec_3,9,false,37464.0,0,p0_MEAN,-0.3754779107387257
,MomentMatch,,FKL,true,,4.0,1,exec_3,9,false,37464.0,1,p0_SOFTPLUS_VARIANCE,-3.6420497177143902
,MomentMatch,,FKL,true,,4.0,1,exec_3,9,false,37464.0,2,p1_MEAN,3.1107499927295525
,MomentMatch,,FKL,true,,4.0,1,exec_3,9,false,37464.0,3,p1_SOFTPLUS_VARIANCE,-1.364298135104733
,MomentMatch,,FKL,true,,4.0,1,exec_3,10,false,74976.0,0,p0_MEAN,-0.3765123575625572
,MomentMatch,,FKL,true,,4.0,1,exec_3,10,false,74976.0,1,p0_SOFTPLUS_VARIANCE,-3.6291458991075523
,MomentMatch,,FKL,true,,4.0,1,exec_3,10,false,74976.0,2,p1_MEAN,3.110411592258431
,MomentMatch,,FKL,true,,4.0,1,exec_3,10,false,74976.0,3,p1_SOFTPLUS_VARIANCE,-1.302672936133165
,MomentMatch,,FKL,true,,4.0,1,exec_3,11,false,150000.0,0,p0_MEAN,-0.3689545811996816
,MomentMatch,,FKL,true,,4.0,1,exec_3,11,false,150000.0,1,p0_SOFTPLUS_VARIANCE,-3.6511377123150814
,MomentMatch,,FKL,true,,4.0,1,exec_3,11,false,150000.0,2,p1_MEAN,3.1398741660973024
,MomentMatch,,FKL,true,,4.0,1,exec_3,11,false,150000.0,3,p1_SOFTPLUS_VARIANCE,-1.3236396072526
,MomentMatch,,FKL,true,,4.0,1,exec_3,12,true,300024.0,0,p0_MEAN,-0.368341162035492
,MomentMatch,,FKL,true,,4.0,1,exec_3,12,true,300024.0,1,p0_SOFTPLUS_VARIANCE,-3.5960093915901874
,MomentMatch,,FKL,true,,4.0,1,exec_3,12,true,300024.0,2,p1_MEAN,3.134628096730771
,MomentMatch,,FKL,true,,4.0,1,exec_3,12,true,300024.0,3,p1_SOFTPLUS_VARIANCE,-1.2664662309500034
,MomentMatch,,FKL,true,,4.0,1,exec_3,13,false,600024.0,0,p0_MEAN,-0.3698074248708356
,MomentMatch,,FKL,true,,4.0,1,exec_3,13,false,600024.0,1,p0_SOFTPLUS_VARIANCE,-3.632005722755977
,MomentMatch,,FKL,true,,4.0,1,exec_3,13,false,600024.0,2,p1_MEAN,3.132074189424847
,MomentMatch,,FKL,true,,4.0,1,exec_3,13,false,600024.0,3,p1_SOFTPLUS_VARIANCE,-1.311785798679843
,MomentMatch,,FKL,true,,4.0,7,exec_4,1,false,120.0,0,p0_MEAN,-0.274951272585794
,MomentMatch,,FKL,true,,4.0,7,exec_4,1,false,120.0,1,p0_SOFTPLUS_VARIANCE,-4.992688019086034
,MomentMatch,,FKL,true,,4.0,7,exec_4,1,false,120.0,2,p1_MEAN,3.3598804958851574
,MomentMatch,,FKL,true,,4.0,7,exec_4,1,false,120.0,3,p1_SOFTPLUS_VARIANCE,-2.512649453535322
,MomentMatch,,FKL,true,,4.0,7,exec_4,2,false,264.0,0,p0_MEAN,-0.4383540786318195
,MomentMatch,,FKL,true,,4.0,7,exec_4,2,false,264.0,1,p0_SOFTPLUS_VARIANCE,-4.316527333398413
,MomentMatch,,FKL,true,,4.0,7,exec_4,2,false,264.0,2,p1_MEAN,2.9662510503217066
,MomentMatch,,FKL,true,,4.0,7,exec_4,2,false,264.0,3,p1_SOFTPLUS_VARIANCE,-1.6692161846314864
,MomentMatch,,FKL,true,,4.0,7,exec_4,3,false,552.0,0,p0_MEAN,-0.3900128932591717
,MomentMatch,,FKL,true,,4.0,7,exec_4,3,false,552.0,1,p0_SOFTPLUS_VARIANCE,-4.055668832832532
,MomentMatch,,FKL,true,,4.0,7,exec_4,3,false,552.0,2,p1_MEAN,3.083372566777029
,MomentMatch,,FKL,true,,4.0,7,exec_4,3,false,552.0,3,p1_SOFTPLUS_VARIANCE,-2.01999189356721
,MomentMatch,,FKL,true,,4.0,7,exec_4,4,false,1128.0,0,p0_MEAN,-0.35240995772128325
,MomentMatch,,FKL,true,,4.0,7,exec_4,4,false,1128.0,1,p0_SOFTPLUS_VARIANCE,-3.6680733115146564
,MomentMatch,,FKL,true,,4.0,7,exec_4,4,false,1128.0,2,p1_MEAN,3.1562362604770136
,MomentMatch,,FKL,true,,4.0,7,exec_4,4,false,1128.0,3,p1_SOFTPLUS_VARIANCE,-1.155910124412004
,MomentMatch,,FKL,true,,4.0,7,exec_4,5,false,2304.0,0,p0_MEAN,-0.3637504599708531
,MomentMatch,,FKL,true,,4.0,7,exec_4,5,false,2304.0,1,p0_SOFTPLUS_VARIANCE,-3.6517380986348438
,MomentMatch,,FKL,true,,4.0,7,exec_4,5,false,2304.0,2,p1_MEAN,3.1354296655285783
,MomentMatch,,FKL,true,,4.0,7,exec_4,5,false,2304.0,3,p1_SOFTPLUS_VARIANCE,-1.1309132343679325
,MomentMatch,,FKL,true,,4.0,7,exec_4,6,false,4656.0,0,p0_MEAN,-0.36443378820304495
,MomentMatch,,FKL,true,,4.0,7,exec_4,6,false,4656.0,1,p0_SOFTPLUS_VARIANCE,-3.597173520455616
,MomentMatch,,FKL,true,,4.0,7,exec_4,6,false,4656.0,2,p1_MEAN,3.14569704987482
,MomentMatch,,FKL,true,,4.0,7,exec_4,6,false,4656.0,3,p1_SOFTPLUS_VARIANCE,-1.2941568965514552
,MomentMatch,,FKL,true,,4.0,7,exec_4,7,false,9336.0,0,p0_MEAN,-0.37582178124075766
,MomentMatch,,FKL,true,,4.0,7,exec_4,7,false,9336.0,1,p0_SOFTPLUS_VARIANCE,-3.601210248710099
,MomentMatch,,FKL,true,,4.0,7,exec_4,7,false,9336.0,2,p1_MEAN,3.1226867992039815
,MomentMatch,,FKL,true,,4.0,7,exec_4,7,false,9336.0,3,p1_SOFTPLUS_VARIANCE,-1.1971270092344015
,MomentMatch,,FKL,true,,4.0,7,exec_4,8,false,18720.0,0,p0_MEAN,-0.3537560674306595
,MomentMatch,,FKL,true,,4.0,7,exec_4,8,false,18720.0,1,p0_SOFTPLUS_VARIANCE,-3.50758203211485
,MomentMatch,,FKL,true,,4.0,7,exec_4,8,false,18720.0,2,p1_MEAN,3.1746445299380173
,MomentMatch,,FKL,true,,4.0,7,exec_4,8,false,18720.0,3,p1_SOFTPLUS_VARIANCE,-1.171385396280804
,MomentMatch,,FKL,true,,4.0,7,exec_4,9,false,37464.0,0,p0_MEAN,-0.37064938685467586
,MomentMatch,,FKL,true,,4.0,7,exec_4,9,false,37464.0,1,p0_SOFTPLUS_VARIANCE,-3.745989499650803
,MomentMatch,,FKL,true,,4.0,7,exec_4,9,false,37464.0,2,p1_MEAN,3.1277147258193585
,MomentMatch,,FKL,true,,4.0,7,exec_4,9,false,37464.0,3,p1_SOFTPLUS_VARIANCE,-1.4430432702768927
,MomentMatch,,FKL,true,,4.0,7,exec_4,10,false,74976.0,0,p0_MEAN,-0.3708125863386088
,MomentMatch,,FKL,true,,4.0,7,exec_4,10,false,74976.0,1,p0_SOFTPLUS_VARIANCE,-3.577268629088293
,MomentMatch,,FKL,true,,4.0,7,exec_4,10,false,74976.0,2,p1_MEAN,3.1265330124680815
,MomentMatch,,FKL,true,,4.0,7,exec_4,10,false,74976.0,3,p1_SOFTPLUS_VARIANCE,-1.252072844972863
,MomentMatch,,FKL,true,,4.0,7,exec_4,11,false,150000.0,0,p0_MEAN,-0.3652806620738233
,MomentMatch,,FKL,true,,4.0,7,exec_4,11,false,150000.0,1,p0_SOFTPLUS_VARIANCE,-3.6195068670913586
,MomentMatch,,FKL,true,,4.0,7,exec_4,11,false,150000.0,2,p1_MEAN,3.142128898779041
,MomentMatch,,FKL,true,,4.0,7,exec_4,11,false,150000.0,3,p1_SOFTPLUS_VARIANCE,-1.307402992526171
,MomentMatch,,FKL,true,,4.0,7,exec_4,12,true,300024.0,0,p0_MEAN,-0.36810519610395126
,MomentMatch,,FKL,true,,4.0,7,exec_4,12,true,300024.0,1,p0_SOFTPLUS_VARIANCE,-3.614578016990638
,MomentMatch,,FKL,true,,4.0,7,exec_4,12,true,300024.0,2,p1_MEAN,3.132461119217306
,MomentMatch,,FKL,true,,4.0,7,exec_4,12,true,300024.0,3,p1_SOFTPLUS_VARIANCE,-1.301904793191866
,MomentMatch,,FKL,true,,4.0,7,exec_4,13,false,600024.0,0,p0_MEAN,-0.3675659001484702
,MomentMatch,,FKL,true,,4.0,7,exec_4,13,false,600024.0,1,p0_SOFTPLUS_VARIANCE,-3.600929502249523
,MomentMatch,,FKL,true,,4.0,7,exec_4,13,false,600024.0,2,p1_MEAN,3.1376186009863143
,MomentMatch,,FKL,true,,4.0,7,exec_4,13,false,600024.0,3,p1_SOFTPLUS_VARIANCE,-1.2777466501100638
,MomentMatch,,FKL,true,,4.0,5,exec_5,2,false,264.0,0,p0_MEAN,-0.30777901465952856
,MomentMatch,,FKL,true,,4.0,5,exec_5,2,false,264.0,1,p0_SOFTPLUS_VARIANCE,-3.6233354307494254
,MomentMatch,,FKL,true,,4.0,5,exec_5,2,false,264.0,2,p1_MEAN,3.319915856927569
,MomentMatch,,FKL,true,,4.0,5,exec_5,2,false,264.0,3,p1_SOFTPLUS_VARIANCE,-1.3416593113452355
,MomentMatch,,FKL,true,,4.0,5,exec_5,3,false,552.0,0,p0_MEAN,-0.4862599925671584
,MomentMatch,,FKL,true,,4.0,5,exec_5,3,false,552.0,1,p0_SOFTPLUS_VARIANCE,-4.063136301377057
,MomentMatch,,FKL,true,,4.0,5,exec_5,3,false,552.0,2,p1_MEAN,2.8327358550801076
,MomentMatch,,FKL,true,,4.0,5,exec_5,3,false,552.0,3,p1_SOFTPLUS_VARIANCE,-1.9095087915159177
,MomentMatch,,FKL,true,,4.0,5,exec_5,4,false,1128.0,0,p0_MEAN,-0.3862228735438985
,MomentMatch,,FKL,true,,4.0,5,exec_5,4,false,1128.0,1,p0_SOFTPLUS_VARIANCE,-3.4302562893724478
,MomentMatch,,FKL,true,,4.0,5,exec_5,4,false,1128.0,2,p1_MEAN,3.071404547773624
,MomentMatch,,FKL,true,,4.0,5,exec_5,4,false,1128.0,3,p1_SOFTPLUS_VARIANCE,-1.057129201629676
,MomentMatch,,FKL,true,,4.0,5,exec_5,5,false,2304.0,0,p0_MEAN,-0.4143172721319575
,MomentMatch,,FKL,true,,4.0,5,exec_5,5,false,2304.0,1,p0_SOFTPLUS_VARIANCE,-3.3890387717940924
,MomentMatch,,FKL,true,,4.0,5,exec_5,5,false,2304.0,2,p1_MEAN,3.0442578360713095
,MomentMatch,,FKL,true,,4.0,5,exec_5,5,false,2304.0,3,p1_SOFTPLUS_VARIANCE,-1.1373661407342648
,MomentMatch,,FKL,true,,4.0,5,exec_5,6,false,4656.0,0,p0_MEAN,-0.3432930658084607
,MomentMatch,,FKL,true,,4.0,5,exec_5,6,false,4656.0,1,p0_SOFTPLUS_VARIANCE,-3.629546934253692
,MomentMatch,,FKL,true,,4.0,5,exec_5,6,false,4656.0,2,p1_MEAN,3.180681044830828
,MomentMatch,,FKL,true,,4.0,5,exec_5,6,false,4656.0,3,p1_SOFTPLUS_VARIANCE,-1.2402133642901172
,MomentMatch,,FKL,true,,4.0,5,exec_5,7,false,9336.0,0,p0_MEAN,-0.3481223536577183
,MomentMatch,,FKL,true,,4.0,5,exec_5,7,false,9336.0,1,p0_SOFTPLUS_VARIANCE,-3.5245877753261694
,MomentMatch,,FKL,true,,4.0,5,exec_5,7,false,9336.0,2,p1_MEAN,3.2024472143401344
,MomentMatch,,FKL,true,,4.0,5,exec_5,7,false,9336.0,3,p1_SOFTPLUS_VARIANCE,-1.209508622404474
,MomentMatch,,FKL,true,,4.0,5,exec_5,8,false,18720.0,0,p0_MEAN,-0.374277606036345
,MomentMatch,,FKL,true,,4.0,5,exec_5,8,false,18720.0,1,p0_SOFTPLUS_VARIANCE,-3.651714574438136
,MomentMatch,,FKL,true,,4.0,5,exec_5,8,false,18720.0,2,p1_MEAN,3.1228245159194885
,MomentMatch,,FKL,true,,4.0,5,exec_5,8,false,18720.0,3,p1_SOFTPLUS_VARIANCE,-1.3170154242552612
,MomentMatch,,FKL,true,,4.0,5,exec_5,9,false,37464.0,0,p0_MEAN,-0.36990833295598247
,MomentMatch,,FKL,true,,4.0,5,exec_5,9,false,37464.0,1,p0_SOFTPLUS_VARIANCE,-3.6519761860845095
,MomentMatch,,FKL,true,,4.0,5,exec_5,9,false,37464.0,2,p1_MEAN,3.1287345508570508
,MomentMatch,,FKL,true,,4.0,5,exec_5,9,false,37464.0,3,p1_SOFTPLUS_VARIANCE,-1.3400743517586073
,MomentMatch,,FKL,true,,4.0,5,exec_5,10,false,74976.0,0,p0_MEAN,-0.3695073019173906
,MomentMatch,,FKL,true,,4.0,5,exec_5,10,false,74976.0,1,p0_SOFTPLUS_VARIANCE,-3.594705809795622
,MomentMatch,,FKL,true,,4.0,5,exec_5,10,false,74976.0,2,p1_MEAN,3.134309941793194
,MomentMatch,,FKL,true,,4.0,5,exec_5,10,false,74976.0,3,p1_SOFTPLUS_VARIANCE,-1.2851045206026068
,MomentMatch,,FKL,true,,4.0,5,exec_5,11,false,150000.0,0,p0_MEAN,-0.3690559505195705
,MomentMatch,,FKL,true,,4.0,5,exec_5,11,false,150000.0,1,p0_SOFTPLUS_VARIANCE,-3.6260018143116075
,MomentMatch,,FKL,true,,4.0,5,exec_5,11,false,150000.0,2,p1_MEAN,3.1299923049200857
,MomentMatch,,FKL,true,,4.0,5,exec_5,11,false,150000.0,3,p1_SOFTPLUS_VARIANCE,-1.3048689333522068
,MomentMatch,,FKL,true,,4.0,5,exec_5,12,true,300024.0,0,p0_MEAN,-0.36676245719933964
,MomentMatch,,FKL,true,,4.0,5,exec_5,12,true,300024.0,1,p0_SOFTPLUS_VARIANCE,-3.6250366901310915
,MomentMatch,,FKL,true,,4.0,5,exec_5,12,true,300024.0,2,p1_MEAN,3.14227354332701
,MomentMatch,,FKL,true,,4.0,5,exec_5,12,true,300024.0,3,p1_SOFTPLUS_VARIANCE,-1.302045603977882
,MomentMatch,,FKL,true,,4.0,5,exec_5,13,false,600024.0,0,p0_MEAN,-0.36809351221993986
,MomentMatch,,FKL,true,,4.0,5,exec_5,13,false,600024.0,1,p0_SOFTPLUS_VARIANCE,-3.636130006586922
,MomentMatch,,FKL,true,,4.0,5,exec_5,13,false,600024.0,2,p1_MEAN,3.134909725320941
,MomentMatch,,FKL,true,,4.0,5,exec_5,13,false,600024.0,3,p1_SOFTPLUS_VARIANCE,-1.3134072895249507
,MomentMatch,,FKL,true,,4.0,2,exec_6,2,false,264.0,0,p0_MEAN,-0.4613155518447772
,MomentMatch,,FKL,true,,4.0,2,exec_6,2,false,264.0,1,p0_SOFTPLUS_VARIANCE,-3.780951169271778
,MomentMatch,,FKL,true,,4.0,2,exec_6,2,false,264.0,2,p1_MEAN,2.865604189427053
,MomentMatch,,FKL,true,,4.0,2,exec_6,2,false,264.0,3,p1_SOFTPLUS_VARIANCE,-1.3583718352453606
,MomentMatch,,FKL,true,,4.0,2,exec_6,3,false,552.0,0,p0_MEAN,-0.3829316693165838
,MomentMatch,,FKL,true,,4.0,2,exec_6,3,false,552.0,1,p0_SOFTPLUS_VARIANCE,-4.397680204516683
,MomentMatch,,FKL,true,,4.0,2,exec_6,3,false,552.0,2,p1_MEAN,3.1734085253193056
,MomentMatch,,FKL,true,,4.0,2,exec_6,3,false,552.0,3,p1_SOFTPLUS_VARIANCE,-2.0692566107037083
,MomentMatch,,FKL,true,,4.0,2,exec_6,4,false,1128.0,0,p0_MEAN,-0.3358831815258052
,MomentMatch,,FKL,true,,4.0,2,exec_6,4,false,1128.0,1,p0_SOFTPLUS_VARIANCE,-3.468032394463472
,MomentMatch,,FKL,true,,4.0,2,exec_6,4,false,1128.0,2,p1_MEAN,3.2593587903785117
,MomentMatch,,FKL,true,,4.0,2,exec_6,4,false,1128.0,3,p1_SOFTPLUS_VARIANCE,-1.1146520181310322
,MomentMatch,,FKL,true,,4.0,2,exec_6,5,false,2304.0,0,p0_MEAN,-0.3707980258426662
,MomentMatch,,FKL,true,,4.0,2,exec_6,5,false,2304.0,1,p0_SOFTPLUS_VARIANCE,-4.046800812228989
,MomentMatch,,FKL,true,,4.0,2,exec_6,5,false,2304.0,2,p1_MEAN,3.1133595556497515
,MomentMatch,,FKL,true,,4.0,2,exec_6,5,false,2304.0,3,p1_SOFTPLUS_VARIANCE,-1.4316004201229227
,MomentMatch,,FKL,true,,4.0,2,exec_6,6,false,4656.0,0,p0_MEAN,-0.3476823010081093
,MomentMatch,,FKL,true,,4.0,2,exec_6,6,false,4656.0,1,p0_SOFTPLUS_VARIANCE,-3.896743883781159
,MomentMatch,,FKL,true,,4.0,2,exec_6,6,false,4656.0,2,p1_MEAN,3.1439258129506857
,MomentMatch,,FKL,true,,4.0,2,exec_6,6,false,4656.0,3,p1_SOFTPLUS_VARIANCE,-1.5181459707323561
,MomentMatch,,FKL,true,,4.0,2,exec_6,7,false,9336.0,0,p0_MEAN,-0.36667309826273353
,MomentMatch,,FKL,true,,4.0,2,exec_6,7,false,9336.0,1,p0_SOFTPLUS_VARIANCE,-3.5997620255709513
,MomentMatch,,FKL,true,,4.0,2,exec_6,7,false,9336.0,2,p1_MEAN,3.145699272001283
,MomentMatch,,FKL,true,,4.0,2,exec_6,7,false,9336.0,3,p1_SOFTPLUS_VARIANCE,-1.2671773905616623
,MomentMatch,,FKL,true,,4.0,2,exec_6,8,false,18720.0,0,p0_MEAN,-0.3560510342217667
,MomentMatch,,FKL,true,,4.0,2,exec_6,8,false,18720.0,1,p0_SOFTPLUS_VARIANCE,-3.58371672095427
,MomentMatch,,FKL,true,,4.0,2,exec_6,8,false,18720.0,2,p1_MEAN,3.172062631538349
,MomentMatch,,FKL,true,,4.0,2,exec_6,8,false,18720.0,3,p1_SOFTPLUS_VARIANCE,-1.203408336404579
,MomentMatch,,FKL,true,,4.0,2,exec_6,9,false,37464.0,0,p0_MEAN,-0.3708583671173694
,MomentMatch,,FKL,true,,4.0,2,exec_6,9,false,37464.0,1,p0_SOFTPLUS_VARIANCE,-3.6627234344286186
,MomentMatch,,FKL,true,,4.0,2,exec_6,9,false,37464.0,2,p1_MEAN,3.118935085547533
,MomentMatch,,FKL,true,,4.0,2,exec_6,9,false,37464.0,3,p1_SOFTPLUS_VARIANCE,-1.3586787717922162
,MomentMatch,,FKL,true,,4.0,2,exec_6,10,false,74976.0,0,p0_MEAN,-0.36835612697581027
,MomentMatch,,FKL,true,,4.0,2,exec_6,10,false,74976.0,1,p0_SOFTPLUS_VARIANCE,-3.6219596290062706
,MomentMatch,,FKL,true,,4.0,2,exec_6,10,false,74976.0,2,p1_MEAN,3.1381320211600845
,MomentMatch,,FKL,true,,4.0,2,exec_6,10,false,74976.0,3,p1_SOFTPLUS_VARIANCE,-1.3253860418158308
,MomentMatch,,FKL,true,,4.0,2,exec_6,11,false,150000.0,0,p0_MEAN,-0.3687372786458878
,MomentMatch,,FKL,true,,4.0,2,exec_6,11,false,150000.0,1,p0_SOFTPLUS_VARIANCE,-3.606966352248979
,MomentMatch,,FKL,true,,4.0,2,exec_6,11,false,150000.0,2,p1_MEAN,3.13542729548832
,MomentMatch,,FKL,true,,4.0,2,exec_6,11,false,150000.0,3,p1_SOFTPLUS_VARIANCE,-1.2802614353670105
,MomentMatch,,FKL,true,,4.0,2,exec_6,12,true,300024.0,0,p0_MEAN,-0.371145616061383
,MomentMatch,,FKL,true,,4.0,2,exec_6,12,true,300024.0,1,p0_SOFTPLUS_VARIANCE,-3.626870208754465
,MomentMatch,,FKL,true,,4.0,2,exec_6,12,true,300024.0,2,p1_MEAN,3.1281381383118836
,MomentMatch,,FKL,true,,4.0,2,exec_6,12,true,300024.0,3,p1_SOFTPLUS_VARIANCE,-1.3084459294197537
,MomentMatch,,FKL,true,,4.0,2,exec_6,13,false,600024.0,0,p0_MEAN,-0.36795475849511916
,MomentMatch,,FKL,true,,4.0,2,exec_6,13,false,600024.0,1,p0_SOFTPLUS_VARIANCE,-3.614378881693237
,MomentMatch,,FKL,true,,4.0,2,exec_6,13,false,600024.0,2,p1_MEAN,3.1348799535230145
,MomentMatch,,FKL,true,,4.0,2,exec_6,13,false,600024.0,3,p1_SOFTPLUS_VARIANCE,-1.2906433201998104
,MomentMatch,,FKL,true,,4.0,8,exec_7,0,false,48.0,0,p0_MEAN,-0.2418825485618128
,MomentMatch,,FKL,true,,4.0,8,exec_7,0,false,48.0,1,p0_SOFTPLUS_VARIANCE,-4.223063021686378
,MomentMatch,,FKL,true,,4.0,8,exec_7,0,false,48.0,2,p1_MEAN,3.4577231803012083
,MomentMatch,,FKL,true,,4.0,8,exec_7,0,false,48.0,3,p1_SOFTPLUS_VARIANCE,-1.4262000401054378
,MomentMatch,,FKL,true,,4.0,8,exec_7,1,false,120.0,0,p0_MEAN,-0.29904959935655706
,MomentMatch,,FKL,true,,4.0,8,exec_7,1,false,120.0,1,p0_SOFTPLUS_VARIANCE,-4.293814354115862
,MomentMatch,,FKL,true,,4.0,8,exec_7,1,false,120.0,2,p1_MEAN,3.237101006465566
,MomentMatch,,FKL,true,,4.0,8,exec_7,1,false,120.0,3,p1_SOFTPLUS_VARIANCE,-1.4836621730388941
,MomentMatch,,FKL,true,,4.0,8,exec_7,2,false,264.0,0,p0_MEAN,-0.38853355809677925
,MomentMatch,,FKL,true,,4.0,8,exec_7,2,false,264.0,1,p0_SOFTPLUS_VARIANCE,-3.44238204832603
,MomentMatch,,FKL,true,,4.0,8,exec_7,2,false,264.0,2,p1_MEAN,3.1446445253416626
,MomentMatch,,FKL,true,,4.0,8,exec_7,2,false,264.0,3,p1_SOFTPLUS_VARIANCE,-1.466969668084025
,MomentMatch,,FKL,true,,4.0,8,exec_7,3,false,552.0,0,p0_MEAN,-0.35000840925437465
,MomentMatch,,FKL,true,,4.0,8,exec_7,3,false,552.0,1,p0_SOFTPLUS_VARIANCE,-3.873830620785632
,MomentMatch,,FKL,true,,4.0,8,exec_7,3,false,552.0,2,p1_MEAN,3.2414286485642823
,MomentMatch,,FKL,true,,4.0,8,exec_7,3,false,552.0,3,p1_SOFTPLUS_VARIANCE,-1.672476347916245
,MomentMatch,,FKL,true,,4.0,8,exec_7,4,false,1128.0,0,p0_MEAN,-0.3333213957535337
,MomentMatch,,FKL,true,,4.0,8,exec_7,4,false,1128.0,1,p0_SOFTPLUS_VARIANCE,-4.040131287648299
,MomentMatch,,FKL,true,,4.0,8,exec_7,4,false,1128.0,2,p1_MEAN,3.2356970974337083
,MomentMatch,,FKL,true,,4.0,8,exec_7,4,false,1128.0,3,p1_SOFTPLUS_VARIANCE,-1.7634064613300002
,MomentMatch,,FKL,true,,4.0,8,exec_7,5,false,2304.0,0,p0_MEAN,-0.34772400575639933
,MomentMatch,,FKL,true,,4.0,8,exec_7,5,false,2304.0,1,p0_SOFTPLUS_VARIANCE,-3.68736159815338
,MomentMatch,,FKL,true,,4.0,8,exec_7,5,false,2304.0,2,p1_MEAN,3.2247156536762875
,MomentMatch,,FKL,true,,4.0,8,exec_7,5,false,2304.0,3,p1_SOFTPLUS_VARIANCE,-1.3890441472899737
,MomentMatch,,FKL,true,,4.0,8,exec_7,6,false,4656.0,0,p0_MEAN,-0.3490916919386542
,MomentMatch,,FKL,true,,4.0,8,exec_7,6,false,4656.0,1,p0_SOFTPLUS_VARIANCE,-3.5123152372713533
,MomentMatch,,FKL,true,,4.0,8,exec_7,6,false,4656.0,2,p1_MEAN,3.1638762815968144
,MomentMatch,,FKL,true,,4.0,8,exec_7,6,false,4656.0,3,p1_SOFTPLUS_VARIANCE,-1.0666044987714272
,MomentMatch,,FKL,true,,4.0,8,exec_7,7,false,9336.0,0,p0_MEAN,-0.3744727910586002
,MomentMatch,,FKL,true,,4.0,8,exec_7,7,false,9336.0,1,p0_SOFTPLUS_VARIANCE,-3.6358470580474926
,MomentMatch,,FKL,true,,4.0,8,exec_7,7,false,9336.0,2,p1_MEAN,3.1266589901682136
,MomentMatch,,FKL,true,,4.0,8,exec_7,7,false,9336.0,3,p1_SOFTPLUS_VARIANCE,-1.2855712155939396
,MomentMatch,,FKL,true,,4.0,8,exec_7,8,false,18720.0,0,p0_MEAN,-0.3984076567270936
,MomentMatch,,FKL,true,,4.0,8,exec_7,8,false,18720.0,1,p0_SOFTPLUS_VARIANCE,-3.5115401719433814
,MomentMatch,,FKL,true,,4.0,8,exec_7,8,false,18720.0,2,p1_MEAN,3.0413596458625713
,MomentMatch,,FKL,true,,4.0,8,exec_7,8,false,18720.0,3,p1_SOFTPLUS_VARIANCE,-1.2105078573508943
,MomentMatch,,FKL,true,,4.0,8,exec_7,9,false,37464.0,0,p0_MEAN,-0.363453929983828
,MomentMatch,,FKL,true,,4.0,8,exec_7,9,false,37464.0,1,p0_SOFTPLUS_VARIANCE,-3.6562509314855056
,MomentMatch,,FKL,true,,4.0,8,exec_7,9,false,37464.0,2,p1_MEAN,3.140641952451344
,MomentMatch,,FKL,true,,4.0,8,exec_7,9,false,37464.0,3,p1_SOFTPLUS_VARIANCE,-1.3577356117504367
,MomentMatch,,FKL,true,,4.0,8,exec_7,10,false,74976.0,0,p0_MEAN,-0.3661796355126405
,MomentMatch,,FKL,true,,4.0,8,exec_7,10,false,74976.0,1,p0_SOFTPLUS_VARIANCE,-3.6253787898430625
,MomentMatch,,FKL,true,,4.0,8,exec_7,10,false,74976.0,2,p1_MEAN,3.142579833161452
,MomentMatch,,FKL,true,,4.0,8,exec_7,10,false,74976.0,3,p1_SOFTPLUS_VARIANCE,-1.2854720110327535
,MomentMatch,,FKL,true,,4.0,8,exec_7,11,false,150000.0,0,p0_MEAN,-0.36849237028857124
,MomentMatch,,FKL,true,,4.0,8,exec_7,11,false,150000.0,1,p0_SOFTPLUS_VARIANCE,-3.614579960286711
,MomentMatch,,FKL,true,,4.0,8,exec_7,11,false,150000.0,2,p1_MEAN,3.1364542442277425
,MomentMatch,,FKL,true,,4.0,8,exec_7,11,false,150000.0,3,p1_SOFTPLUS_VARIANCE,-1.2926244303760464
,MomentMatch,,FKL,true,,4.0,8,exec_7,12,true,300024.0,0,p0_MEAN,-0.3679133348199133
,MomentMatch,,FKL,true,,4.0,8,exec_7,12,true,300024.0,1,p0_SOFTPLUS_VARIANCE,-3.6059685838905455
,MomentMatch,,FKL,true,,4.0,8,exec_7,12,true,300024.0,2,p1_MEAN,3.1379425101766705
,MomentMatch,,FKL,true,,4.0,8,exec_7,12,true,300024.0,3,p1_SOFTPLUS_VARIANCE,-1.278194822517607
,MomentMatch,,FKL,true,,4.0,8,exec_7,13,false,600024.0,0,p0_MEAN,-0.36793507310909773
,MomentMatch,,FKL,true,,4.0,8,exec_7,13,false,600024.0,1,p0_SOFTPLUS_VARIANCE,-3.631437096459857
,MomentMatch,,FKL,true,,4.0,8,exec_7,13,false,600024.0,2,p1_MEAN,3.1351472789743426
,MomentMatch,,FKL,true,,4.0,8,exec_7,13,false,600024.0,3,p1_SOFTPLUS_VARIANCE,-1.3162307165822702
,MomentMatch,,FKL,true,,4.0,3,exec_8,2,false,264.0,0,p0_MEAN,-0.37948325185732906
,MomentMatch,,FKL,true,,4.0,3,exec_8,2,false,264.0,1,p0_SOFTPLUS_VARIANCE,-3.4310075496210573
,MomentMatch,,FKL,true,,4.0,3,exec_8,2,false,264.0,2,p1_MEAN,3.0924223655130785
,MomentMatch,,FKL,true,,4.0,3,exec_8,2,false,264.0,3,p1_SOFTPLUS_VARIANCE,-1.3104209112129546
,MomentMatch,,FKL,true,,4.0,3,exec_8,3,false,552.0,0,p0_MEAN,-0.38446625964871906
,MomentMatch,,FKL,true,,4.0,3,exec_8,3,false,552.0,1,p0_SOFTPLUS_VARIANCE,-3.3647213281147934
,MomentMatch,,FKL,true,,4.0,3,exec_8,3,false,552.0,2,p1_MEAN,3.074210225747862
,MomentMatch,,FKL,true,,4.0,3,exec_8,3,false,552.0,3,p1_SOFTPLUS_VARIANCE,-0.7892826625245918
,MomentMatch,,FKL,true,,4.0,3,exec_8,4,false,1128.0,0,p0_MEAN,-0.33696694331932525
,MomentMatch,,FKL,true,,4.0,3,exec_8,4,false,1128.0,1,p0_SOFTPLUS_VARIANCE,-4.087032511424402
,MomentMatch,,FKL,true,,4.0,3,exec_8,4,false,1128.0,2,p1_MEAN,3.3045450130895744
,MomentMatch,,FKL,true,,4.0,3,exec_8,4,false,1128.0,3,p1_SOFTPLUS_VARIANCE,-1.6557771940035433
,MomentMatch,,FKL,true,,4.0,3,exec_8,5,false,2304.0,0,p0_MEAN,-0.3709643430303897
,MomentMatch,,FKL,true,,4.0,3,exec_8,5,false,2304.0,1,p0_SOFTPLUS_VARIANCE,-3.7814838703219786
,MomentMatch,,FKL,true,,4.0,3,exec_8,5,false,2304.0,2,p1_MEAN,3.1615101480801013
,MomentMatch,,FKL,true,,4.0,3,exec_8,5,false,2304.0,3,p1_SOFTPLUS_VARIANCE,-1.2467066342266264
,MomentMatch,,FKL,true,,4.0,3,exec_8,6,false,4656.0,0,p0_MEAN,-0.3958211953552868
,MomentMatch,,FKL,true,,4.0,3,exec_8,6,false,4656.0,1,p0_SOFTPLUS_VARIANCE,-3.7683679535477745
,MomentMatch,,FKL,true,,4.0,3,exec_8,6,false,4656.0,2,p1_MEAN,3.053447786131243
,MomentMatch,,FKL,true,,4.0,3,exec_8,6,false,4656.0,3,p1_SOFTPLUS_VARIANCE,-1.4802760510037225
,MomentMatch,,FKL,true,,4.0,3,exec_8,7,false,9336.0,0,p0_MEAN,-0.38847975498817894
,MomentMatch,,FKL,true,,4.0,3,exec_8,7,false,9336.0,1,p0_SOFTPLUS_VARIANCE,-3.7694747330429417
,MomentMatch,,FKL,true,,4.0,3,exec_8,7,false,9336.0,2,p1_MEAN,3.0679541764755207
,MomentMatch,,FKL,true,,4.0,3,exec_8,7,false,9336.0,3,p1_SOFTPLUS_VARIANCE,-1.4029935280332944
,MomentMatch,,FKL,true,,4.0,3,exec_8,8,false,18720.0,0,p0_MEAN,-0.37293384074621433
,MomentMatch,,FKL,true,,4.0,3,exec_8,8,false,18720.0,1,p0_SOFTPLUS_VARIANCE,-3.6724088447528755
,MomentMatch,,FKL,true,,4.0,3,exec_8,8,false,18720.0,2,p1_MEAN,3.1087781621311117
,MomentMatch,,FKL,true,,4.0,3,exec_8,8,false,18720.0,3,p1_SOFTPLUS_VARIANCE,-1.3793786340569014
,MomentMatch,,FKL,true,,4.0,3,exec_8,9,false,37464.0,0,p0_MEAN,-0.36345839475250025
,MomentMatch,,FKL,true,,4.0,3,exec_8,9,false,37464.0,1,p0_SOFTPLUS_VARIANCE,-3.6833877705235083
,MomentMatch,,FKL,true,,4.0,3,exec_8,9,false,37464.0,2,p1_MEAN,3.136708874059185
,MomentMatch,,FKL,true,,4.0,3,exec_8,9,false,37464.0,3,p1_SOFTPLUS_VARIANCE,-1.3671842592264412
,MomentMatch,,FKL,true,,4.0,3,exec_8,10,false,74976.0,0,p0_MEAN,-0.36025567546876675
,MomentMatch,,FKL,true,,4.0,3,exec_8,10,false,74976.0,1,p0_SOFTPLUS_VARIANCE,-3.527303133731929
,MomentMatch,,FKL,true,,4.0,3,exec_8,10,false,74976.0,2,p1_MEAN,3.155845367349846
,MomentMatch,,FKL,true,,4.0,3,exec_8,10,false,74976.0,3,p1_SOFTPLUS_VARIANCE,-1.2480015426837345
,MomentMatch,,FKL,true,,4.0,3,exec_8,11,false,150000.0,0,p0_MEAN,-0.3692279077061795
,MomentMatch,,FKL,true,,4.0,3,exec_8,11,false,150000.0,1,p0_SOFTPLUS_VARIANCE,-3.607316587114063
,MomentMatch,,FKL,true,,4.0,3,exec_8,11,false,150000.0,2,p1_MEAN,3.135049658864847
,MomentMatch,,FKL,true,,4.0,3,exec_8,11,false,150000.0,3,p1_SOFTPLUS_VARIANCE,-1.2816654677658856
,MomentMatch,,FKL,true,,4.0,3,exec_8,12,true,300024.0,0,p0_MEAN,-0.3687580180901988
,MomentMatch,,FKL,true,,4.0,3,exec_8,12,true,300024.0,1,p0_SOFTPLUS_VARIANCE,-3.6563058493623757
,MomentMatch,,FKL,true,,4.0,3,exec_8,12,true,300024.0,2,p1_MEAN,3.130386755520536
,MomentMatch,,FKL,true,,4.0,3,exec_8,12,true,300024.0,3,p1_SOFTPLUS_VARIANCE,-1.3245268976347984
,MomentMatch,,FKL,true,,4.0,3,exec_8,13,false,600024.0,0,p0_MEAN,-0.36717518800708193
,MomentMatch,,FKL,true,,4.0,3,exec_8,13,false,600024.0,1,p0_SOFTPLUS_VARIANCE,-3.6277121205902243
,MomentMatch,,FKL,true,,4.0,3,exec_8,13,false,600024.0,2,p1_MEAN,3.139300607297844
,MomentMatch,,FKL,true,,4.0,3,exec_8,13,false,600024.0,3,p1_SOFTPLUS_VARIANCE,-1.3006863132668416
,MomentMatch,,FKL,false,,4.0,2,exec_9,2,false,132.0,0,p0_MEAN,-0.4009726659834592
,MomentMatch,,FKL,false,,4.0,2,exec_9,2,false,132.0,1,p0_SOFTPLUS_VARIANCE,-3.215453854726717
,MomentMatch,,FKL,false,,4.0,2,exec_9,2,false,132.0,2,p1_MEAN,2.994681746747183
,MomentMatch,,FKL,false,,4.0,2,exec_9,2,false,132.0,3,p1_SOFTPLUS_VARIANCE,-0.8466758357942371
,MomentMatch,,FKL,false,,4.0,2,exec_9,3,false,276.0,0,p0_MEAN,-0.3044600203708127
,MomentMatch,,FKL,false,,4.0,2,exec_9,3,false,276.0,1,p0_SOFTPLUS_VARIANCE,-3.5135628585855994
,MomentMatch,,FKL,false,,4.0,2,exec_9,3,false,276.0,2,p1_MEAN,3.346301047906103
,MomentMatch,,FKL,false,,4.0,2,exec_9,3,false,276.0,3,p1_SOFTPLUS_VARIANCE,-1.0870284774071701
,MomentMatch,,FKL,false,,4.0,2,exec_9,4,false,564.0,0,p0_MEAN,-0.3858380792244478
,MomentMatch,,FKL,false,,4.0,2,exec_9,4,false,564.0,1,p0_SOFTPLUS_VARIANCE,-3.725548333679528
,MomentMatch,,FKL,false,,4.0,2,exec_9,4,false,564.0,2,p1_MEAN,3.131620903244635
,MomentMatch,,FKL,false,,4.0,2,exec_9,4,false,564.0,3,p1_SOFTPLUS_VARIANCE,-1.3403679557945691
,MomentMatch,,FKL,false,,4.0,2,exec_9,5,false,1152.0,0,p0_MEAN,-0.37006940412199824
,MomentMatch,,FKL,false,,4.0,2,exec_9,5,false,1152.0,1,p0_SOFTPLUS_VARIANCE,-3.698965096412213
,MomentMatch,,FKL,false,,4.0,2,exec_9,5,false,1152.0,2,p1_MEAN,3.124095951665784
,MomentMatch,,FKL,false,,4.0,2,exec_9,5,false,1152.0,3,p1_SOFTPLUS_VARIANCE,-1.3953702821031195
,MomentMatch,,FKL,false,,4.0,2,exec_9,6,false,2328.0,0,p0_MEAN,-0.36410696108977775
,MomentMatch,,FKL,false,,4.0,2,exec_9,6,false,2328.0,1,p0_SOFTPLUS_VARIANCE,-3.490781611370952
,MomentMatch,,FKL,false,,4.0,2,exec_9,6,false,2328.0,2,p1_MEAN,3.160970279728189
,MomentMatch,,FKL,false,,4.0,2,exec_9,6,false,2328.0,3,p1_SOFTPLUS_VARIANCE,-1.0737742317524368
,MomentMatch,,FKL,false,,4.0,2,exec_9,7,false,4668.0,0,p0_MEAN,-0.3713844308575211
,MomentMatch,,FKL,false,,4.0,2,exec_9,7,false,4668.0,1,p0_SOFTPLUS_VARIANCE,-3.5289219274876378
,MomentMatch,,FKL,false,,4.0,2,exec_9,7,false,4668.0,2,p1_MEAN,3.132820675844977
,MomentMatch,,FKL,false,,4.0,2,exec_9,7,false,4668.0,3,p1_SOFTPLUS_VARIANCE,-1.1985612463201318
,MomentMatch,,FKL,false,,4.0,2,exec_9,8,false,9360.0,0,p0_MEAN,-0.3640337871457831
,MomentMatch,,FKL,false,,4.0,2,exec_9,8,false,9360.0,1,p0_SOFTPLUS_VARIANCE,-3.6304750594360247
,MomentMatch,,FKL,false,,4.0,2,exec_9,8,false,9360.0,2,p1_MEAN,3.1396228408386895
,MomentMatch,,FKL,false,,4.0,2,exec_9,8,false,9360.0,3,p1_SOFTPLUS_VARIANCE,-1.3593563860828162
,MomentMatch,,FKL,false,,4.0,2,exec_9,9,false,18732.0,0,p0_MEAN,-0.3775641319176278
,MomentMatch,,FKL,false,,4.0,2,exec_9,9,false,18732.0,1,p0_SOFTPLUS_VARIANCE,-3.531309800512357
,MomentMatch,,FKL,false,,4.0,2,exec_9,9,false,18732.0,2,p1_MEAN,3.116793331211268
,MomentMatch,,FKL,false,,4.0,2,exec_9,9,false,18732.0,3,p1_SOFTPLUS_VARIANCE,-1.2322526180736453
,MomentMatch,,FKL,false,,4.0,2,exec_9,10,false,37488.0,0,p0_MEAN,-0.3709753753337341
,MomentMatch,,FKL,false,,4.0,2,exec_9,10,false,37488.0,1,p0_SOFTPLUS_VARIANCE,-3.6586200881142843
,MomentMatch,,FKL,false,,4.0,2,exec_9,10,false,37488.0,2,p1_MEAN,3.1272035092559123
,MomentMatch,,FKL,false,,4.0,2,exec_9,10,false,37488.0,3,p1_SOFTPLUS_VARIANCE,-1.338786004821493
,MomentMatch,,FKL,false,,4.0,2,exec_9,11,false,75000.0,0,p0_MEAN,-0.3645657216612748
,MomentMatch,,FKL,false,,4.0,2,exec_9,11,false,75000.0,1,p0_SOFTPLUS_VARIANCE,-3.6076275273119687
,MomentMatch,,FKL,false,,4.0,2,exec_9,11,false,75000.0,2,p1_MEAN,3.1438632737322796
,MomentMatch,,FKL,false,,4.0,2,exec_9,11,false,75000.0,3,p1_SOFTPLUS_VARIANCE,-1.2792062052592292
,MomentMatch,,FKL,false,,4.0,2,exec_9,12,true,150012.0,0,p0_MEAN,-0.36796150883312256
,MomentMatch,,FKL,false,,4.0,2,exec_9,12,true,150012.0,1,p0_SOFTPLUS_VARIANCE,-3.6123379000480154
,MomentMatch,,FKL,false,,4.0,2,exec_9,12,true,150012.0,2,p1_MEAN,3.135887168924526
,MomentMatch,,FKL,false,,4.0,2,exec_9,12,true,150012.0,3,p1_SOFTPLUS_VARIANCE,-1.2961435467486258
,MomentMatch,,FKL,false,,4.0,2,exec_9,13,false,300012.0,0,p0_MEAN,-0.3682859396615501
,MomentMatch,,FKL,false,,4.0,2,exec_9,13,false,300012.0,1,p0_SOFTPLUS_VARIANCE,-3.6338563664938603
,MomentMatch,,FKL,false,,4.0,2,exec_9,13,false,300012.0,2,p1_MEAN,3.1361465710085095
,MomentMatch,,FKL,false,,4.0,2,exec_9,13,false,300012.0,3,p1_SOFTPLUS_VARIANCE,-1.3105693425456613
